"LOCATION","INDICATOR","SUBJECT","MEASURE","FREQUENCY","TIME","Value","Flag Codes"
"AUS","PATENT","TOT","NBR","A","1985",153.3452,
"AUS","PATENT","TOT","NBR","A","1986",178.5213,
"AUS","PATENT","TOT","NBR","A","1987",187.8355,
"AUS","PATENT","TOT","NBR","A","1988",119.0797,
"AUS","PATENT","TOT","NBR","A","1989",130.4167,
"AUS","PATENT","TOT","NBR","A","1990",183.8875,
"AUS","PATENT","TOT","NBR","A","1991",188.7245,
"AUS","PATENT","TOT","NBR","A","1992",194.5009,
"AUS","PATENT","TOT","NBR","A","1993",205.8244,
"AUS","PATENT","TOT","NBR","A","1994",243.4016,
"AUS","PATENT","TOT","NBR","A","1995",238.6609,
"AUS","PATENT","TOT","NBR","A","1996",246.0313,
"AUS","PATENT","TOT","NBR","A","1997",300.8423,
"AUS","PATENT","TOT","NBR","A","1998",322.509,
"AUS","PATENT","TOT","NBR","A","1999",335.8161,
"AUS","PATENT","TOT","NBR","A","2000",516.479,
"AUS","PATENT","TOT","NBR","A","2001",465.0668,
"AUS","PATENT","TOT","NBR","A","2002",490.86,
"AUS","PATENT","TOT","NBR","A","2003",495.9277,
"AUS","PATENT","TOT","NBR","A","2004",520.4557,
"AUS","PATENT","TOT","NBR","A","2005",479.3775,
"AUS","PATENT","TOT","NBR","A","2006",362.9035,
"AUS","PATENT","TOT","NBR","A","2007",346.5016,
"AUS","PATENT","TOT","NBR","A","2008",316.6611,
"AUS","PATENT","TOT","NBR","A","2009",349.884,
"AUS","PATENT","TOT","NBR","A","2010",307.7061,
"AUS","PATENT","TOT","NBR","A","2011",320.8119,
"AUS","PATENT","TOT","NBR","A","2012",335.5897,
"AUS","PATENT","TOT","NBR","A","2013",333.3689,
"AUS","PATENT","TOT","NBR","A","2014",336.0204,
"AUS","PATENT","TOT","NBR","A","2015",338.0525,
"AUT","PATENT","TOT","NBR","A","1985",162.0226,
"AUT","PATENT","TOT","NBR","A","1986",157.9,
"AUT","PATENT","TOT","NBR","A","1987",181.9342,
"AUT","PATENT","TOT","NBR","A","1988",213.7556,
"AUT","PATENT","TOT","NBR","A","1989",200.2913,
"AUT","PATENT","TOT","NBR","A","1990",175.0834,
"AUT","PATENT","TOT","NBR","A","1991",189.6622,
"AUT","PATENT","TOT","NBR","A","1992",148.1911,
"AUT","PATENT","TOT","NBR","A","1993",180.4643,
"AUT","PATENT","TOT","NBR","A","1994",213.0989,
"AUT","PATENT","TOT","NBR","A","1995",226.3082,
"AUT","PATENT","TOT","NBR","A","1996",215.7495,
"AUT","PATENT","TOT","NBR","A","1997",263.0842,
"AUT","PATENT","TOT","NBR","A","1998",276.2089,
"AUT","PATENT","TOT","NBR","A","1999",279.1973,
"AUT","PATENT","TOT","NBR","A","2000",346.9139,
"AUT","PATENT","TOT","NBR","A","2001",338.2566,
"AUT","PATENT","TOT","NBR","A","2002",348.3515,
"AUT","PATENT","TOT","NBR","A","2003",347.5426,
"AUT","PATENT","TOT","NBR","A","2004",352.397,
"AUT","PATENT","TOT","NBR","A","2005",408.7929,
"AUT","PATENT","TOT","NBR","A","2006",354.5052,
"AUT","PATENT","TOT","NBR","A","2007",376.6157,
"AUT","PATENT","TOT","NBR","A","2008",340.3832,
"AUT","PATENT","TOT","NBR","A","2009",368.9063,
"AUT","PATENT","TOT","NBR","A","2010",388.9467,
"AUT","PATENT","TOT","NBR","A","2011",362.4328,
"AUT","PATENT","TOT","NBR","A","2012",378.9045,
"AUT","PATENT","TOT","NBR","A","2013",411.8848,
"AUT","PATENT","TOT","NBR","A","2014",437.9839,
"AUT","PATENT","TOT","NBR","A","2015",462.3868,
"BEL","PATENT","TOT","NBR","A","1985",165.2021,
"BEL","PATENT","TOT","NBR","A","1986",175.018,
"BEL","PATENT","TOT","NBR","A","1987",188.9786,
"BEL","PATENT","TOT","NBR","A","1988",194.6786,
"BEL","PATENT","TOT","NBR","A","1989",247.9681,
"BEL","PATENT","TOT","NBR","A","1990",221.7952,
"BEL","PATENT","TOT","NBR","A","1991",255.5585,
"BEL","PATENT","TOT","NBR","A","1992",296.7621,
"BEL","PATENT","TOT","NBR","A","1993",351.4256,
"BEL","PATENT","TOT","NBR","A","1994",357.5952,
"BEL","PATENT","TOT","NBR","A","1995",376.962,
"BEL","PATENT","TOT","NBR","A","1996",364.8396,
"BEL","PATENT","TOT","NBR","A","1997",445.7175,
"BEL","PATENT","TOT","NBR","A","1998",415.3288,
"BEL","PATENT","TOT","NBR","A","1999",405.5803,
"BEL","PATENT","TOT","NBR","A","2000",455.5188,
"BEL","PATENT","TOT","NBR","A","2001",438.6089,
"BEL","PATENT","TOT","NBR","A","2002",473.2647,
"BEL","PATENT","TOT","NBR","A","2003",463.8669,
"BEL","PATENT","TOT","NBR","A","2004",566.8123,
"BEL","PATENT","TOT","NBR","A","2005",542.9292,
"BEL","PATENT","TOT","NBR","A","2006",476.1308,
"BEL","PATENT","TOT","NBR","A","2007",429.8662,
"BEL","PATENT","TOT","NBR","A","2008",458.2345,
"BEL","PATENT","TOT","NBR","A","2009",479.1403,
"BEL","PATENT","TOT","NBR","A","2010",460.995,
"BEL","PATENT","TOT","NBR","A","2011",460.4719,
"BEL","PATENT","TOT","NBR","A","2012",429.6527,
"BEL","PATENT","TOT","NBR","A","2013",441.8517,
"BEL","PATENT","TOT","NBR","A","2014",446.934,
"BEL","PATENT","TOT","NBR","A","2015",448.3414,
"CAN","PATENT","TOT","NBR","A","1985",205.7241,
"CAN","PATENT","TOT","NBR","A","1986",220.0536,
"CAN","PATENT","TOT","NBR","A","1987",292.2994,
"CAN","PATENT","TOT","NBR","A","1988",254.0721,
"CAN","PATENT","TOT","NBR","A","1989",320.0611,
"CAN","PATENT","TOT","NBR","A","1990",290.7644,
"CAN","PATENT","TOT","NBR","A","1991",298.7829,
"CAN","PATENT","TOT","NBR","A","1992",287.9632,
"CAN","PATENT","TOT","NBR","A","1993",305.951,
"CAN","PATENT","TOT","NBR","A","1994",371.9528,
"CAN","PATENT","TOT","NBR","A","1995",390.8414,
"CAN","PATENT","TOT","NBR","A","1996",433.5002,
"CAN","PATENT","TOT","NBR","A","1997",546.7047,
"CAN","PATENT","TOT","NBR","A","1998",566.761,
"CAN","PATENT","TOT","NBR","A","1999",565.8676,
"CAN","PATENT","TOT","NBR","A","2000",613.0839,
"CAN","PATENT","TOT","NBR","A","2001",635.2414,
"CAN","PATENT","TOT","NBR","A","2002",678.2229,
"CAN","PATENT","TOT","NBR","A","2003",673.1531,
"CAN","PATENT","TOT","NBR","A","2004",739.2635,
"CAN","PATENT","TOT","NBR","A","2005",717.6418,
"CAN","PATENT","TOT","NBR","A","2006",667.0325,
"CAN","PATENT","TOT","NBR","A","2007",683.0697,
"CAN","PATENT","TOT","NBR","A","2008",684.3114,
"CAN","PATENT","TOT","NBR","A","2009",673.8105,
"CAN","PATENT","TOT","NBR","A","2010",553.0876,
"CAN","PATENT","TOT","NBR","A","2011",578.4251,
"CAN","PATENT","TOT","NBR","A","2012",526.0086,
"CAN","PATENT","TOT","NBR","A","2013",560.6655,
"CAN","PATENT","TOT","NBR","A","2014",552.5652,
"CAN","PATENT","TOT","NBR","A","2015",537.0815,
"CZE","PATENT","TOT","NBR","A","1985",6.5833,
"CZE","PATENT","TOT","NBR","A","1986",8.4167,
"CZE","PATENT","TOT","NBR","A","1987",6.5,
"CZE","PATENT","TOT","NBR","A","1988",11.75,
"CZE","PATENT","TOT","NBR","A","1989",10.5782,
"CZE","PATENT","TOT","NBR","A","1990",7.3889,
"CZE","PATENT","TOT","NBR","A","1991",10.8667,
"CZE","PATENT","TOT","NBR","A","1992",6.5952,
"CZE","PATENT","TOT","NBR","A","1993",8.8627,
"CZE","PATENT","TOT","NBR","A","1994",5.2309,
"CZE","PATENT","TOT","NBR","A","1995",3.0468,
"CZE","PATENT","TOT","NBR","A","1996",12.2817,
"CZE","PATENT","TOT","NBR","A","1997",11.1532,
"CZE","PATENT","TOT","NBR","A","1998",16.1389,
"CZE","PATENT","TOT","NBR","A","1999",11.8138,
"CZE","PATENT","TOT","NBR","A","2000",10.2278,
"CZE","PATENT","TOT","NBR","A","2001",19.9206,
"CZE","PATENT","TOT","NBR","A","2002",23.2422,
"CZE","PATENT","TOT","NBR","A","2003",22.1024,
"CZE","PATENT","TOT","NBR","A","2004",24.2508,
"CZE","PATENT","TOT","NBR","A","2005",24.9767,
"CZE","PATENT","TOT","NBR","A","2006",27.5046,
"CZE","PATENT","TOT","NBR","A","2007",23.2587,
"CZE","PATENT","TOT","NBR","A","2008",27.8822,
"CZE","PATENT","TOT","NBR","A","2009",17.6284,
"CZE","PATENT","TOT","NBR","A","2010",15.1286,
"CZE","PATENT","TOT","NBR","A","2011",34.8275,
"CZE","PATENT","TOT","NBR","A","2012",36.5133,
"CZE","PATENT","TOT","NBR","A","2013",35.4734,
"CZE","PATENT","TOT","NBR","A","2014",36.5031,
"CZE","PATENT","TOT","NBR","A","2015",37.8622,
"DNK","PATENT","TOT","NBR","A","1985",80.524,
"DNK","PATENT","TOT","NBR","A","1986",94.0034,
"DNK","PATENT","TOT","NBR","A","1987",97.6151,
"DNK","PATENT","TOT","NBR","A","1988",111.8323,
"DNK","PATENT","TOT","NBR","A","1989",120.09,
"DNK","PATENT","TOT","NBR","A","1990",125.3212,
"DNK","PATENT","TOT","NBR","A","1991",127.9158,
"DNK","PATENT","TOT","NBR","A","1992",144.4796,
"DNK","PATENT","TOT","NBR","A","1993",168.6665,
"DNK","PATENT","TOT","NBR","A","1994",188.5405,
"DNK","PATENT","TOT","NBR","A","1995",190.6674,
"DNK","PATENT","TOT","NBR","A","1996",235.4532,
"DNK","PATENT","TOT","NBR","A","1997",222.015,
"DNK","PATENT","TOT","NBR","A","1998",284.3629,
"DNK","PATENT","TOT","NBR","A","1999",267.5838,
"DNK","PATENT","TOT","NBR","A","2000",289.8177,
"DNK","PATENT","TOT","NBR","A","2001",281.4673,
"DNK","PATENT","TOT","NBR","A","2002",287.6257,
"DNK","PATENT","TOT","NBR","A","2003",312.2376,
"DNK","PATENT","TOT","NBR","A","2004",369.5956,
"DNK","PATENT","TOT","NBR","A","2005",389.2349,
"DNK","PATENT","TOT","NBR","A","2006",317.831,
"DNK","PATENT","TOT","NBR","A","2007",315.506,
"DNK","PATENT","TOT","NBR","A","2008",343.1533,
"DNK","PATENT","TOT","NBR","A","2009",258.0089,
"DNK","PATENT","TOT","NBR","A","2010",300.5793,
"DNK","PATENT","TOT","NBR","A","2011",259.3729,
"DNK","PATENT","TOT","NBR","A","2012",282.6394,
"DNK","PATENT","TOT","NBR","A","2013",294.286,
"DNK","PATENT","TOT","NBR","A","2014",297.2446,
"DNK","PATENT","TOT","NBR","A","2015",296.9656,
"FIN","PATENT","TOT","NBR","A","1985",57.5833,
"FIN","PATENT","TOT","NBR","A","1986",86.8574,
"FIN","PATENT","TOT","NBR","A","1987",113.4167,
"FIN","PATENT","TOT","NBR","A","1988",110.7929,
"FIN","PATENT","TOT","NBR","A","1989",130.0232,
"FIN","PATENT","TOT","NBR","A","1990",151.0378,
"FIN","PATENT","TOT","NBR","A","1991",176.9237,
"FIN","PATENT","TOT","NBR","A","1992",231.5369,
"FIN","PATENT","TOT","NBR","A","1993",256.0876,
"FIN","PATENT","TOT","NBR","A","1994",355.8151,
"FIN","PATENT","TOT","NBR","A","1995",322.1792,
"FIN","PATENT","TOT","NBR","A","1996",361.4817,
"FIN","PATENT","TOT","NBR","A","1997",457.1287,
"FIN","PATENT","TOT","NBR","A","1998",470.4201,
"FIN","PATENT","TOT","NBR","A","1999",483.5831,
"FIN","PATENT","TOT","NBR","A","2000",433.5196,
"FIN","PATENT","TOT","NBR","A","2001",416.2563,
"FIN","PATENT","TOT","NBR","A","2002",318.4079,
"FIN","PATENT","TOT","NBR","A","2003",349.4991,
"FIN","PATENT","TOT","NBR","A","2004",396.5587,
"FIN","PATENT","TOT","NBR","A","2005",390.8932,
"FIN","PATENT","TOT","NBR","A","2006",294.6176,
"FIN","PATENT","TOT","NBR","A","2007",259.3809,
"FIN","PATENT","TOT","NBR","A","2008",253.2775,
"FIN","PATENT","TOT","NBR","A","2009",222.6855,
"FIN","PATENT","TOT","NBR","A","2010",228.0798,
"FIN","PATENT","TOT","NBR","A","2011",226.7571,
"FIN","PATENT","TOT","NBR","A","2012",287.8946,
"FIN","PATENT","TOT","NBR","A","2013",289.1177,
"FIN","PATENT","TOT","NBR","A","2014",291.4919,
"FIN","PATENT","TOT","NBR","A","2015",290.7357,
"FRA","PATENT","TOT","NBR","A","1985",1494.3493,
"FRA","PATENT","TOT","NBR","A","1986",1549.1474,
"FRA","PATENT","TOT","NBR","A","1987",1748.5996,
"FRA","PATENT","TOT","NBR","A","1988",1825.7799,
"FRA","PATENT","TOT","NBR","A","1989",1942.6277,
"FRA","PATENT","TOT","NBR","A","1990",1911.4678,
"FRA","PATENT","TOT","NBR","A","1991",1865.1004,
"FRA","PATENT","TOT","NBR","A","1992",1710.192,
"FRA","PATENT","TOT","NBR","A","1993",1744.0882,
"FRA","PATENT","TOT","NBR","A","1994",1939.4896,
"FRA","PATENT","TOT","NBR","A","1995",1995.9576,
"FRA","PATENT","TOT","NBR","A","1996",2176.2502,
"FRA","PATENT","TOT","NBR","A","1997",2260.5018,
"FRA","PATENT","TOT","NBR","A","1998",2379.7035,
"FRA","PATENT","TOT","NBR","A","1999",2507.4544,
"FRA","PATENT","TOT","NBR","A","2000",2925.5967,
"FRA","PATENT","TOT","NBR","A","2001",2809.1659,
"FRA","PATENT","TOT","NBR","A","2002",2753.4923,
"FRA","PATENT","TOT","NBR","A","2003",2755.7382,
"FRA","PATENT","TOT","NBR","A","2004",2966.35,
"FRA","PATENT","TOT","NBR","A","2005",3048.284,
"FRA","PATENT","TOT","NBR","A","2006",2886.8081,
"FRA","PATENT","TOT","NBR","A","2007",2784.1475,
"FRA","PATENT","TOT","NBR","A","2008",2885.9767,
"FRA","PATENT","TOT","NBR","A","2009",2724.3435,
"FRA","PATENT","TOT","NBR","A","2010",2459.0033,
"FRA","PATENT","TOT","NBR","A","2011",2598.1482,
"FRA","PATENT","TOT","NBR","A","2012",2434.8284,
"FRA","PATENT","TOT","NBR","A","2013",2461.1805,
"FRA","PATENT","TOT","NBR","A","2014",2528.0404,
"FRA","PATENT","TOT","NBR","A","2015",2578.391,
"DEU","PATENT","TOT","NBR","A","1985",3630.6022,
"DEU","PATENT","TOT","NBR","A","1986",3853.338,
"DEU","PATENT","TOT","NBR","A","1987",4267.6559,
"DEU","PATENT","TOT","NBR","A","1988",4464.6124,
"DEU","PATENT","TOT","NBR","A","1989",4449.0334,
"DEU","PATENT","TOT","NBR","A","1990",4133.8513,
"DEU","PATENT","TOT","NBR","A","1991",3862.9319,
"DEU","PATENT","TOT","NBR","A","1992",3970.6013,
"DEU","PATENT","TOT","NBR","A","1993",4099.2521,
"DEU","PATENT","TOT","NBR","A","1994",4460.2185,
"DEU","PATENT","TOT","NBR","A","1995",4933.4359,
"DEU","PATENT","TOT","NBR","A","1996",5598.0356,
"DEU","PATENT","TOT","NBR","A","1997",5796.0775,
"DEU","PATENT","TOT","NBR","A","1998",6344.8008,
"DEU","PATENT","TOT","NBR","A","1999",6435.3053,
"DEU","PATENT","TOT","NBR","A","2000",7636.3193,
"DEU","PATENT","TOT","NBR","A","2001",7231.4227,
"DEU","PATENT","TOT","NBR","A","2002",6883.5715,
"DEU","PATENT","TOT","NBR","A","2003",6742.5747,
"DEU","PATENT","TOT","NBR","A","2004",6993.6118,
"DEU","PATENT","TOT","NBR","A","2005",7138.7399,
"DEU","PATENT","TOT","NBR","A","2006",6532.2053,
"DEU","PATENT","TOT","NBR","A","2007",5807.0116,
"DEU","PATENT","TOT","NBR","A","2008",5473.5289,
"DEU","PATENT","TOT","NBR","A","2009",5552.5122,
"DEU","PATENT","TOT","NBR","A","2010",5059.2853,
"DEU","PATENT","TOT","NBR","A","2011",4811.4749,
"DEU","PATENT","TOT","NBR","A","2012",4587.5444,
"DEU","PATENT","TOT","NBR","A","2013",4584.2879,
"DEU","PATENT","TOT","NBR","A","2014",4519.7941,
"DEU","PATENT","TOT","NBR","A","2015",4454.7106,
"GRC","PATENT","TOT","NBR","A","1985",1.5,
"GRC","PATENT","TOT","NBR","A","1986",2.35,
"GRC","PATENT","TOT","NBR","A","1987",3.25,
"GRC","PATENT","TOT","NBR","A","1988",2.75,
"GRC","PATENT","TOT","NBR","A","1989",2.3333,
"GRC","PATENT","TOT","NBR","A","1990",4.456,
"GRC","PATENT","TOT","NBR","A","1991",5.7222,
"GRC","PATENT","TOT","NBR","A","1992",5.7667,
"GRC","PATENT","TOT","NBR","A","1993",2.6667,
"GRC","PATENT","TOT","NBR","A","1994",5.2778,
"GRC","PATENT","TOT","NBR","A","1995",1.6667,
"GRC","PATENT","TOT","NBR","A","1996",13.2333,
"GRC","PATENT","TOT","NBR","A","1997",9.4038,
"GRC","PATENT","TOT","NBR","A","1998",11.1011,
"GRC","PATENT","TOT","NBR","A","1999",7.5062,
"GRC","PATENT","TOT","NBR","A","2000",10.975,
"GRC","PATENT","TOT","NBR","A","2001",11.6266,
"GRC","PATENT","TOT","NBR","A","2002",12.0006,
"GRC","PATENT","TOT","NBR","A","2003",20.4402,
"GRC","PATENT","TOT","NBR","A","2004",14.8667,
"GRC","PATENT","TOT","NBR","A","2005",24.0195,
"GRC","PATENT","TOT","NBR","A","2006",22.0179,
"GRC","PATENT","TOT","NBR","A","2007",13.9176,
"GRC","PATENT","TOT","NBR","A","2008",16.0833,
"GRC","PATENT","TOT","NBR","A","2009",15.1171,
"GRC","PATENT","TOT","NBR","A","2010",5.3324,
"GRC","PATENT","TOT","NBR","A","2011",10.6167,
"GRC","PATENT","TOT","NBR","A","2012",22.775,
"GRC","PATENT","TOT","NBR","A","2013",23.2567,
"GRC","PATENT","TOT","NBR","A","2014",27.0009,
"GRC","PATENT","TOT","NBR","A","2015",29.8706,
"HUN","PATENT","TOT","NBR","A","1985",44.2419,
"HUN","PATENT","TOT","NBR","A","1986",31.0417,
"HUN","PATENT","TOT","NBR","A","1987",38.9164,
"HUN","PATENT","TOT","NBR","A","1988",23.3119,
"HUN","PATENT","TOT","NBR","A","1989",45.039,
"HUN","PATENT","TOT","NBR","A","1990",26.6731,
"HUN","PATENT","TOT","NBR","A","1991",22.2405,
"HUN","PATENT","TOT","NBR","A","1992",19.6167,
"HUN","PATENT","TOT","NBR","A","1993",25.8512,
"HUN","PATENT","TOT","NBR","A","1994",20.4604,
"HUN","PATENT","TOT","NBR","A","1995",24.8167,
"HUN","PATENT","TOT","NBR","A","1996",24.7539,
"HUN","PATENT","TOT","NBR","A","1997",31.8667,
"HUN","PATENT","TOT","NBR","A","1998",18.7083,
"HUN","PATENT","TOT","NBR","A","1999",40.7928,
"HUN","PATENT","TOT","NBR","A","2000",41.7516,
"HUN","PATENT","TOT","NBR","A","2001",42.5456,
"HUN","PATENT","TOT","NBR","A","2002",37.1637,
"HUN","PATENT","TOT","NBR","A","2003",50.5841,
"HUN","PATENT","TOT","NBR","A","2004",59.6081,
"HUN","PATENT","TOT","NBR","A","2005",57.9779,
"HUN","PATENT","TOT","NBR","A","2006",47.388,
"HUN","PATENT","TOT","NBR","A","2007",58.9041,
"HUN","PATENT","TOT","NBR","A","2008",31.3553,
"HUN","PATENT","TOT","NBR","A","2009",50.895,
"HUN","PATENT","TOT","NBR","A","2010",36.763,
"HUN","PATENT","TOT","NBR","A","2011",43.3671,
"HUN","PATENT","TOT","NBR","A","2012",30.5754,
"HUN","PATENT","TOT","NBR","A","2013",30.3554,
"HUN","PATENT","TOT","NBR","A","2014",32.0689,
"HUN","PATENT","TOT","NBR","A","2015",33.3013,
"ISL","PATENT","TOT","NBR","A","1985",0.5,
"ISL","PATENT","TOT","NBR","A","1986",1,
"ISL","PATENT","TOT","NBR","A","1987",0.1765,
"ISL","PATENT","TOT","NBR","A","1988",0.5833,
"ISL","PATENT","TOT","NBR","A","1989",0,
"ISL","PATENT","TOT","NBR","A","1990",1.3333,
"ISL","PATENT","TOT","NBR","A","1991",3,
"ISL","PATENT","TOT","NBR","A","1992",0,
"ISL","PATENT","TOT","NBR","A","1993",0.5,
"ISL","PATENT","TOT","NBR","A","1994",2.5,
"ISL","PATENT","TOT","NBR","A","1995",6,
"ISL","PATENT","TOT","NBR","A","1996",6.6,
"ISL","PATENT","TOT","NBR","A","1997",3.7449,
"ISL","PATENT","TOT","NBR","A","1998",4.8975,
"ISL","PATENT","TOT","NBR","A","1999",7.9744,
"ISL","PATENT","TOT","NBR","A","2000",13.2784,
"ISL","PATENT","TOT","NBR","A","2001",5.3939,
"ISL","PATENT","TOT","NBR","A","2002",13.6548,
"ISL","PATENT","TOT","NBR","A","2003",6.0837,
"ISL","PATENT","TOT","NBR","A","2004",5.4975,
"ISL","PATENT","TOT","NBR","A","2005",6.9101,
"ISL","PATENT","TOT","NBR","A","2006",7.5833,
"ISL","PATENT","TOT","NBR","A","2007",9.7167,
"ISL","PATENT","TOT","NBR","A","2008",5.5,
"ISL","PATENT","TOT","NBR","A","2009",2.0561,
"ISL","PATENT","TOT","NBR","A","2010",3.5,
"ISL","PATENT","TOT","NBR","A","2011",2.125,
"ISL","PATENT","TOT","NBR","A","2012",1.5,
"ISL","PATENT","TOT","NBR","A","2013",1.7481,
"ISL","PATENT","TOT","NBR","A","2014",1.8279,
"ISL","PATENT","TOT","NBR","A","2015",1.9484,
"IRL","PATENT","TOT","NBR","A","1985",18.4167,
"IRL","PATENT","TOT","NBR","A","1986",18.1575,
"IRL","PATENT","TOT","NBR","A","1987",21.9556,
"IRL","PATENT","TOT","NBR","A","1988",18.0455,
"IRL","PATENT","TOT","NBR","A","1989",24.7937,
"IRL","PATENT","TOT","NBR","A","1990",27.1836,
"IRL","PATENT","TOT","NBR","A","1991",29.2799,
"IRL","PATENT","TOT","NBR","A","1992",24.1892,
"IRL","PATENT","TOT","NBR","A","1993",19.0937,
"IRL","PATENT","TOT","NBR","A","1994",34.8431,
"IRL","PATENT","TOT","NBR","A","1995",31.2069,
"IRL","PATENT","TOT","NBR","A","1996",29.7541,
"IRL","PATENT","TOT","NBR","A","1997",38.1707,
"IRL","PATENT","TOT","NBR","A","1998",40.1087,
"IRL","PATENT","TOT","NBR","A","1999",80.1057,
"IRL","PATENT","TOT","NBR","A","2000",50.5922,
"IRL","PATENT","TOT","NBR","A","2001",61.2309,
"IRL","PATENT","TOT","NBR","A","2002",66.5574,
"IRL","PATENT","TOT","NBR","A","2003",84.7099,
"IRL","PATENT","TOT","NBR","A","2004",95.5858,
"IRL","PATENT","TOT","NBR","A","2005",97.7012,
"IRL","PATENT","TOT","NBR","A","2006",74.7433,
"IRL","PATENT","TOT","NBR","A","2007",91.4687,
"IRL","PATENT","TOT","NBR","A","2008",83.8108,
"IRL","PATENT","TOT","NBR","A","2009",85.6738,
"IRL","PATENT","TOT","NBR","A","2010",64.6598,
"IRL","PATENT","TOT","NBR","A","2011",68.9035,
"IRL","PATENT","TOT","NBR","A","2012",73.1081,
"IRL","PATENT","TOT","NBR","A","2013",87.12,
"IRL","PATENT","TOT","NBR","A","2014",95.0329,
"IRL","PATENT","TOT","NBR","A","2015",104.0946,
"ITA","PATENT","TOT","NBR","A","1985",510.0298,
"ITA","PATENT","TOT","NBR","A","1986",551.3639,
"ITA","PATENT","TOT","NBR","A","1987",592.2613,
"ITA","PATENT","TOT","NBR","A","1988",637.9388,
"ITA","PATENT","TOT","NBR","A","1989",663.3188,
"ITA","PATENT","TOT","NBR","A","1990",643.5167,
"ITA","PATENT","TOT","NBR","A","1991",683.7316,
"ITA","PATENT","TOT","NBR","A","1992",580.8544,
"ITA","PATENT","TOT","NBR","A","1993",633.8988,
"ITA","PATENT","TOT","NBR","A","1994",634.4327,
"ITA","PATENT","TOT","NBR","A","1995",630.6651,
"ITA","PATENT","TOT","NBR","A","1996",712.0333,
"ITA","PATENT","TOT","NBR","A","1997",747.5361,
"ITA","PATENT","TOT","NBR","A","1998",691.2753,
"ITA","PATENT","TOT","NBR","A","1999",699.0423,
"ITA","PATENT","TOT","NBR","A","2000",832.1114,
"ITA","PATENT","TOT","NBR","A","2001",915.3823,
"ITA","PATENT","TOT","NBR","A","2002",926.1375,
"ITA","PATENT","TOT","NBR","A","2003",897.4875,
"ITA","PATENT","TOT","NBR","A","2004",971.5541,
"ITA","PATENT","TOT","NBR","A","2005",964.2092,
"ITA","PATENT","TOT","NBR","A","2006",821.2182,
"ITA","PATENT","TOT","NBR","A","2007",729.7043,
"ITA","PATENT","TOT","NBR","A","2008",760.2227,
"ITA","PATENT","TOT","NBR","A","2009",737.1825,
"ITA","PATENT","TOT","NBR","A","2010",683.0889,
"ITA","PATENT","TOT","NBR","A","2011",720.8564,
"ITA","PATENT","TOT","NBR","A","2012",724.8757,
"ITA","PATENT","TOT","NBR","A","2013",741.0382,
"ITA","PATENT","TOT","NBR","A","2014",761.5048,
"ITA","PATENT","TOT","NBR","A","2015",780.8718,
"JPN","PATENT","TOT","NBR","A","1985",4999.0464,
"JPN","PATENT","TOT","NBR","A","1986",5684.4768,
"JPN","PATENT","TOT","NBR","A","1987",7204.7601,
"JPN","PATENT","TOT","NBR","A","1988",8255.9921,
"JPN","PATENT","TOT","NBR","A","1989",9627.8537,
"JPN","PATENT","TOT","NBR","A","1990",9598.9783,
"JPN","PATENT","TOT","NBR","A","1991",8577.4786,
"JPN","PATENT","TOT","NBR","A","1992",7924.8969,
"JPN","PATENT","TOT","NBR","A","1993",8333.5376,
"JPN","PATENT","TOT","NBR","A","1994",8291.2998,
"JPN","PATENT","TOT","NBR","A","1995",9617.7093,
"JPN","PATENT","TOT","NBR","A","1996",10776.7292,
"JPN","PATENT","TOT","NBR","A","1997",11477.1875,
"JPN","PATENT","TOT","NBR","A","1998",11977.8371,
"JPN","PATENT","TOT","NBR","A","1999",13682.3571,
"JPN","PATENT","TOT","NBR","A","2000",17915.5793,
"JPN","PATENT","TOT","NBR","A","2001",16621.6695,
"JPN","PATENT","TOT","NBR","A","2002",16823.1607,
"JPN","PATENT","TOT","NBR","A","2003",17898.6809,
"JPN","PATENT","TOT","NBR","A","2004",18704.1368,
"JPN","PATENT","TOT","NBR","A","2005",17722.7276,
"JPN","PATENT","TOT","NBR","A","2006",18006.9073,
"JPN","PATENT","TOT","NBR","A","2007",17785.211,
"JPN","PATENT","TOT","NBR","A","2008",16028.2262,
"JPN","PATENT","TOT","NBR","A","2009",16535.2928,
"JPN","PATENT","TOT","NBR","A","2010",18465.1874,
"JPN","PATENT","TOT","NBR","A","2011",18566.4305,
"JPN","PATENT","TOT","NBR","A","2012",18640.3479,
"JPN","PATENT","TOT","NBR","A","2013",17541.9487,
"JPN","PATENT","TOT","NBR","A","2014",17483.6721,
"JPN","PATENT","TOT","NBR","A","2015",17360.8602,
"KOR","PATENT","TOT","NBR","A","1985",7.6333,
"KOR","PATENT","TOT","NBR","A","1986",5.9167,
"KOR","PATENT","TOT","NBR","A","1987",9.1652,
"KOR","PATENT","TOT","NBR","A","1988",21.95,
"KOR","PATENT","TOT","NBR","A","1989",33.1806,
"KOR","PATENT","TOT","NBR","A","1990",66.3413,
"KOR","PATENT","TOT","NBR","A","1991",85.5779,
"KOR","PATENT","TOT","NBR","A","1992",119.645,
"KOR","PATENT","TOT","NBR","A","1993",165.7958,
"KOR","PATENT","TOT","NBR","A","1994",214.1488,
"KOR","PATENT","TOT","NBR","A","1995",331.2227,
"KOR","PATENT","TOT","NBR","A","1996",323.5331,
"KOR","PATENT","TOT","NBR","A","1997",393.5578,
"KOR","PATENT","TOT","NBR","A","1998",479.314,
"KOR","PATENT","TOT","NBR","A","1999",600.4313,
"KOR","PATENT","TOT","NBR","A","2000",907.9808,
"KOR","PATENT","TOT","NBR","A","2001",1154.7285,
"KOR","PATENT","TOT","NBR","A","2002",1569.1961,
"KOR","PATENT","TOT","NBR","A","2003",2194.2804,
"KOR","PATENT","TOT","NBR","A","2004",2569.5574,
"KOR","PATENT","TOT","NBR","A","2005",2746.2349,
"KOR","PATENT","TOT","NBR","A","2006",2347.3339,
"KOR","PATENT","TOT","NBR","A","2007",1977.313,
"KOR","PATENT","TOT","NBR","A","2008",1826.9375,
"KOR","PATENT","TOT","NBR","A","2009",2108.2004,
"KOR","PATENT","TOT","NBR","A","2010",2460.6858,
"KOR","PATENT","TOT","NBR","A","2011",2368.0357,
"KOR","PATENT","TOT","NBR","A","2012",2493.1013,
"KOR","PATENT","TOT","NBR","A","2013",2679.4223,
"KOR","PATENT","TOT","NBR","A","2014",2683.7076,
"KOR","PATENT","TOT","NBR","A","2015",2703.2913,
"LUX","PATENT","TOT","NBR","A","1985",14.8833,
"LUX","PATENT","TOT","NBR","A","1986",17.3333,
"LUX","PATENT","TOT","NBR","A","1987",3.1786,
"LUX","PATENT","TOT","NBR","A","1988",7.1,
"LUX","PATENT","TOT","NBR","A","1989",5.4074,
"LUX","PATENT","TOT","NBR","A","1990",16.8611,
"LUX","PATENT","TOT","NBR","A","1991",10.2286,
"LUX","PATENT","TOT","NBR","A","1992",8.7572,
"LUX","PATENT","TOT","NBR","A","1993",12.9833,
"LUX","PATENT","TOT","NBR","A","1994",8.6444,
"LUX","PATENT","TOT","NBR","A","1995",14.1911,
"LUX","PATENT","TOT","NBR","A","1996",16.1179,
"LUX","PATENT","TOT","NBR","A","1997",15.9667,
"LUX","PATENT","TOT","NBR","A","1998",22.6079,
"LUX","PATENT","TOT","NBR","A","1999",22.3011,
"LUX","PATENT","TOT","NBR","A","2000",21.6453,
"LUX","PATENT","TOT","NBR","A","2001",27.8844,
"LUX","PATENT","TOT","NBR","A","2002",14.5783,
"LUX","PATENT","TOT","NBR","A","2003",22.8083,
"LUX","PATENT","TOT","NBR","A","2004",26.6038,
"LUX","PATENT","TOT","NBR","A","2005",21.2263,
"LUX","PATENT","TOT","NBR","A","2006",23.725,
"LUX","PATENT","TOT","NBR","A","2007",15.8248,
"LUX","PATENT","TOT","NBR","A","2008",20.0833,
"LUX","PATENT","TOT","NBR","A","2009",20.1793,
"LUX","PATENT","TOT","NBR","A","2010",18.9086,
"LUX","PATENT","TOT","NBR","A","2011",23.2046,
"LUX","PATENT","TOT","NBR","A","2012",21.6929,
"LUX","PATENT","TOT","NBR","A","2013",24.084,
"LUX","PATENT","TOT","NBR","A","2014",21.2179,
"LUX","PATENT","TOT","NBR","A","2015",20.0251,
"MEX","PATENT","TOT","NBR","A","1985",0.6429,
"MEX","PATENT","TOT","NBR","A","1986",4.8333,
"MEX","PATENT","TOT","NBR","A","1987",3.7,
"MEX","PATENT","TOT","NBR","A","1988",1.9577,
"MEX","PATENT","TOT","NBR","A","1989",7.544,
"MEX","PATENT","TOT","NBR","A","1990",7.5,
"MEX","PATENT","TOT","NBR","A","1991",6.2332,
"MEX","PATENT","TOT","NBR","A","1992",5.825,
"MEX","PATENT","TOT","NBR","A","1993",6.1286,
"MEX","PATENT","TOT","NBR","A","1994",4.7419,
"MEX","PATENT","TOT","NBR","A","1995",11.7843,
"MEX","PATENT","TOT","NBR","A","1996",9.8681,
"MEX","PATENT","TOT","NBR","A","1997",8.53,
"MEX","PATENT","TOT","NBR","A","1998",11.1588,
"MEX","PATENT","TOT","NBR","A","1999",14.0153,
"MEX","PATENT","TOT","NBR","A","2000",9.2778,
"MEX","PATENT","TOT","NBR","A","2001",13.8503,
"MEX","PATENT","TOT","NBR","A","2002",14.3045,
"MEX","PATENT","TOT","NBR","A","2003",20.9333,
"MEX","PATENT","TOT","NBR","A","2004",18.3361,
"MEX","PATENT","TOT","NBR","A","2005",19.2004,
"MEX","PATENT","TOT","NBR","A","2006",26.9726,
"MEX","PATENT","TOT","NBR","A","2007",18.784,
"MEX","PATENT","TOT","NBR","A","2008",16.8415,
"MEX","PATENT","TOT","NBR","A","2009",14.6226,
"MEX","PATENT","TOT","NBR","A","2010",15.9167,
"MEX","PATENT","TOT","NBR","A","2011",17.5833,
"MEX","PATENT","TOT","NBR","A","2012",15.7119,
"MEX","PATENT","TOT","NBR","A","2013",15.7218,
"MEX","PATENT","TOT","NBR","A","2014",17.5186,
"MEX","PATENT","TOT","NBR","A","2015",18.8542,
"NLD","PATENT","TOT","NBR","A","1985",551.7063,
"NLD","PATENT","TOT","NBR","A","1986",618.9151,
"NLD","PATENT","TOT","NBR","A","1987",706.6778,
"NLD","PATENT","TOT","NBR","A","1988",691.3981,
"NLD","PATENT","TOT","NBR","A","1989",703.3532,
"NLD","PATENT","TOT","NBR","A","1990",585.71,
"NLD","PATENT","TOT","NBR","A","1991",609.3712,
"NLD","PATENT","TOT","NBR","A","1992",628.8114,
"NLD","PATENT","TOT","NBR","A","1993",605.2789,
"NLD","PATENT","TOT","NBR","A","1994",690.0349,
"NLD","PATENT","TOT","NBR","A","1995",775.7045,
"NLD","PATENT","TOT","NBR","A","1996",823.5552,
"NLD","PATENT","TOT","NBR","A","1997",852.3074,
"NLD","PATENT","TOT","NBR","A","1998",887.4576,
"NLD","PATENT","TOT","NBR","A","1999",976.5293,
"NLD","PATENT","TOT","NBR","A","2000",1263.8667,
"NLD","PATENT","TOT","NBR","A","2001",1363.2317,
"NLD","PATENT","TOT","NBR","A","2002",1867.2924,
"NLD","PATENT","TOT","NBR","A","2003",1987.6829,
"NLD","PATENT","TOT","NBR","A","2004",1975.8975,
"NLD","PATENT","TOT","NBR","A","2005",1760.7614,
"NLD","PATENT","TOT","NBR","A","2006",1477.4167,
"NLD","PATENT","TOT","NBR","A","2007",1063.7871,
"NLD","PATENT","TOT","NBR","A","2008",1127.5837,
"NLD","PATENT","TOT","NBR","A","2009",1047.5051,
"NLD","PATENT","TOT","NBR","A","2010",825.4916,
"NLD","PATENT","TOT","NBR","A","2011",968.8597,
"NLD","PATENT","TOT","NBR","A","2012",1037.6946,
"NLD","PATENT","TOT","NBR","A","2013",1094.4087,
"NLD","PATENT","TOT","NBR","A","2014",1160.5768,
"NLD","PATENT","TOT","NBR","A","2015",1166.6461,
"NZL","PATENT","TOT","NBR","A","1985",16.4167,
"NZL","PATENT","TOT","NBR","A","1986",9.6667,
"NZL","PATENT","TOT","NBR","A","1987",11.0722,
"NZL","PATENT","TOT","NBR","A","1988",14.3333,
"NZL","PATENT","TOT","NBR","A","1989",10.125,
"NZL","PATENT","TOT","NBR","A","1990",8.6439,
"NZL","PATENT","TOT","NBR","A","1991",21.3952,
"NZL","PATENT","TOT","NBR","A","1992",26.4304,
"NZL","PATENT","TOT","NBR","A","1993",13.55,
"NZL","PATENT","TOT","NBR","A","1994",23.3865,
"NZL","PATENT","TOT","NBR","A","1995",22.096,
"NZL","PATENT","TOT","NBR","A","1996",33.5868,
"NZL","PATENT","TOT","NBR","A","1997",42.5392,
"NZL","PATENT","TOT","NBR","A","1998",54.2019,
"NZL","PATENT","TOT","NBR","A","1999",51.6503,
"NZL","PATENT","TOT","NBR","A","2000",72.1968,
"NZL","PATENT","TOT","NBR","A","2001",57.0511,
"NZL","PATENT","TOT","NBR","A","2002",81.3549,
"NZL","PATENT","TOT","NBR","A","2003",76.5394,
"NZL","PATENT","TOT","NBR","A","2004",79.3699,
"NZL","PATENT","TOT","NBR","A","2005",73.2624,
"NZL","PATENT","TOT","NBR","A","2006",71.3715,
"NZL","PATENT","TOT","NBR","A","2007",56.763,
"NZL","PATENT","TOT","NBR","A","2008",72.8175,
"NZL","PATENT","TOT","NBR","A","2009",55.3693,
"NZL","PATENT","TOT","NBR","A","2010",43.1858,
"NZL","PATENT","TOT","NBR","A","2011",51.3178,
"NZL","PATENT","TOT","NBR","A","2012",103.4914,
"NZL","PATENT","TOT","NBR","A","2013",111.8478,
"NZL","PATENT","TOT","NBR","A","2014",125.9503,
"NZL","PATENT","TOT","NBR","A","2015",130.3028,
"NOR","PATENT","TOT","NBR","A","1985",35.4762,
"NOR","PATENT","TOT","NBR","A","1986",43.4875,
"NOR","PATENT","TOT","NBR","A","1987",54.7792,
"NOR","PATENT","TOT","NBR","A","1988",51.8714,
"NOR","PATENT","TOT","NBR","A","1989",73.8,
"NOR","PATENT","TOT","NBR","A","1990",52.7304,
"NOR","PATENT","TOT","NBR","A","1991",62.912,
"NOR","PATENT","TOT","NBR","A","1992",79.1219,
"NOR","PATENT","TOT","NBR","A","1993",73.6732,
"NOR","PATENT","TOT","NBR","A","1994",90.2274,
"NOR","PATENT","TOT","NBR","A","1995",88.4902,
"NOR","PATENT","TOT","NBR","A","1996",76.2213,
"NOR","PATENT","TOT","NBR","A","1997",102.7443,
"NOR","PATENT","TOT","NBR","A","1998",108.4125,
"NOR","PATENT","TOT","NBR","A","1999",118.0382,
"NOR","PATENT","TOT","NBR","A","2000",138.4985,
"NOR","PATENT","TOT","NBR","A","2001",113.6855,
"NOR","PATENT","TOT","NBR","A","2002",132.0306,
"NOR","PATENT","TOT","NBR","A","2003",119.5865,
"NOR","PATENT","TOT","NBR","A","2004",134.914,
"NOR","PATENT","TOT","NBR","A","2005",141.5038,
"NOR","PATENT","TOT","NBR","A","2006",123.2444,
"NOR","PATENT","TOT","NBR","A","2007",104.813,
"NOR","PATENT","TOT","NBR","A","2008",87.5536,
"NOR","PATENT","TOT","NBR","A","2009",128.9738,
"NOR","PATENT","TOT","NBR","A","2010",115.2617,
"NOR","PATENT","TOT","NBR","A","2011",94.5194,
"NOR","PATENT","TOT","NBR","A","2012",101.4111,
"NOR","PATENT","TOT","NBR","A","2013",100.2576,
"NOR","PATENT","TOT","NBR","A","2014",94.8375,
"NOR","PATENT","TOT","NBR","A","2015",90.7791,
"POL","PATENT","TOT","NBR","A","1985",2.7857,
"POL","PATENT","TOT","NBR","A","1986",2.6667,
"POL","PATENT","TOT","NBR","A","1987",4.5012,
"POL","PATENT","TOT","NBR","A","1988",4.7857,
"POL","PATENT","TOT","NBR","A","1989",3.1957,
"POL","PATENT","TOT","NBR","A","1990",5.5356,
"POL","PATENT","TOT","NBR","A","1991",9.6278,
"POL","PATENT","TOT","NBR","A","1992",4.8958,
"POL","PATENT","TOT","NBR","A","1993",11.4348,
"POL","PATENT","TOT","NBR","A","1994",5.369,
"POL","PATENT","TOT","NBR","A","1995",4.9333,
"POL","PATENT","TOT","NBR","A","1996",10.2934,
"POL","PATENT","TOT","NBR","A","1997",8.1312,
"POL","PATENT","TOT","NBR","A","1998",3.4762,
"POL","PATENT","TOT","NBR","A","1999",8.3851,
"POL","PATENT","TOT","NBR","A","2000",9.35,
"POL","PATENT","TOT","NBR","A","2001",14.8081,
"POL","PATENT","TOT","NBR","A","2002",19.712,
"POL","PATENT","TOT","NBR","A","2003",15.8333,
"POL","PATENT","TOT","NBR","A","2004",23.9443,
"POL","PATENT","TOT","NBR","A","2005",18.0425,
"POL","PATENT","TOT","NBR","A","2006",17.8758,
"POL","PATENT","TOT","NBR","A","2007",25.1808,
"POL","PATENT","TOT","NBR","A","2008",37.6385,
"POL","PATENT","TOT","NBR","A","2009",31.8763,
"POL","PATENT","TOT","NBR","A","2010",61.6561,
"POL","PATENT","TOT","NBR","A","2011",63.7734,
"POL","PATENT","TOT","NBR","A","2012",68.987,
"POL","PATENT","TOT","NBR","A","2013",79.125,
"POL","PATENT","TOT","NBR","A","2014",90.8159,
"POL","PATENT","TOT","NBR","A","2015",100.3911,
"PRT","PATENT","TOT","NBR","A","1985",1.5,
"PRT","PATENT","TOT","NBR","A","1986",2.3333,
"PRT","PATENT","TOT","NBR","A","1987",1.5333,
"PRT","PATENT","TOT","NBR","A","1988",1.5,
"PRT","PATENT","TOT","NBR","A","1989",0.1266,
"PRT","PATENT","TOT","NBR","A","1990",0.6667,
"PRT","PATENT","TOT","NBR","A","1991",4.4792,
"PRT","PATENT","TOT","NBR","A","1992",3.7,
"PRT","PATENT","TOT","NBR","A","1993",4.0588,
"PRT","PATENT","TOT","NBR","A","1994",2.15,
"PRT","PATENT","TOT","NBR","A","1995",3.2153,
"PRT","PATENT","TOT","NBR","A","1996",3.5972,
"PRT","PATENT","TOT","NBR","A","1997",8.2232,
"PRT","PATENT","TOT","NBR","A","1998",4.7083,
"PRT","PATENT","TOT","NBR","A","1999",5.7333,
"PRT","PATENT","TOT","NBR","A","2000",5.3187,
"PRT","PATENT","TOT","NBR","A","2001",9.0487,
"PRT","PATENT","TOT","NBR","A","2002",8.2381,
"PRT","PATENT","TOT","NBR","A","2003",12.3,
"PRT","PATENT","TOT","NBR","A","2004",11.4847,
"PRT","PATENT","TOT","NBR","A","2005",15.654,
"PRT","PATENT","TOT","NBR","A","2006",20.4991,
"PRT","PATENT","TOT","NBR","A","2007",42.094,
"PRT","PATENT","TOT","NBR","A","2008",30.3179,
"PRT","PATENT","TOT","NBR","A","2009",16.5619,
"PRT","PATENT","TOT","NBR","A","2010",17.9024,
"PRT","PATENT","TOT","NBR","A","2011",25.6778,
"PRT","PATENT","TOT","NBR","A","2012",23.0076,
"PRT","PATENT","TOT","NBR","A","2013",28.104,
"PRT","PATENT","TOT","NBR","A","2014",27.9411,
"PRT","PATENT","TOT","NBR","A","2015",28.7525,
"SVK","PATENT","TOT","NBR","A","1985",0,
"SVK","PATENT","TOT","NBR","A","1986",0,
"SVK","PATENT","TOT","NBR","A","1987",0,
"SVK","PATENT","TOT","NBR","A","1988",0,
"SVK","PATENT","TOT","NBR","A","1989",0,
"SVK","PATENT","TOT","NBR","A","1990",0,
"SVK","PATENT","TOT","NBR","A","1991",0.1667,
"SVK","PATENT","TOT","NBR","A","1992",1.6146,
"SVK","PATENT","TOT","NBR","A","1993",1.6875,
"SVK","PATENT","TOT","NBR","A","1994",1.2,
"SVK","PATENT","TOT","NBR","A","1995",2,
"SVK","PATENT","TOT","NBR","A","1996",1.0833,
"SVK","PATENT","TOT","NBR","A","1997",4.3667,
"SVK","PATENT","TOT","NBR","A","1998",2.8333,
"SVK","PATENT","TOT","NBR","A","1999",4.1167,
"SVK","PATENT","TOT","NBR","A","2000",1.7132,
"SVK","PATENT","TOT","NBR","A","2001",4.25,
"SVK","PATENT","TOT","NBR","A","2002",3.9494,
"SVK","PATENT","TOT","NBR","A","2003",6.9333,
"SVK","PATENT","TOT","NBR","A","2004",1.5833,
"SVK","PATENT","TOT","NBR","A","2005",2.1167,
"SVK","PATENT","TOT","NBR","A","2006",3.3193,
"SVK","PATENT","TOT","NBR","A","2007",3.6095,
"SVK","PATENT","TOT","NBR","A","2008",4.4876,
"SVK","PATENT","TOT","NBR","A","2009",2.2952,
"SVK","PATENT","TOT","NBR","A","2010",7.5,
"SVK","PATENT","TOT","NBR","A","2011",12.6667,
"SVK","PATENT","TOT","NBR","A","2012",8.391,
"SVK","PATENT","TOT","NBR","A","2013",8.5551,
"SVK","PATENT","TOT","NBR","A","2014",8.8058,
"SVK","PATENT","TOT","NBR","A","2015",9.4133,
"ESP","PATENT","TOT","NBR","A","1985",33.9083,
"ESP","PATENT","TOT","NBR","A","1986",36.4686,
"ESP","PATENT","TOT","NBR","A","1987",45.8956,
"ESP","PATENT","TOT","NBR","A","1988",48.5595,
"ESP","PATENT","TOT","NBR","A","1989",68.5303,
"ESP","PATENT","TOT","NBR","A","1990",70.0321,
"ESP","PATENT","TOT","NBR","A","1991",72.841,
"ESP","PATENT","TOT","NBR","A","1992",70.1578,
"ESP","PATENT","TOT","NBR","A","1993",69.712,
"ESP","PATENT","TOT","NBR","A","1994",88.1142,
"ESP","PATENT","TOT","NBR","A","1995",83.1668,
"ESP","PATENT","TOT","NBR","A","1996",92.959,
"ESP","PATENT","TOT","NBR","A","1997",111.5494,
"ESP","PATENT","TOT","NBR","A","1998",131.0207,
"ESP","PATENT","TOT","NBR","A","1999",141.6688,
"ESP","PATENT","TOT","NBR","A","2000",195.781,
"ESP","PATENT","TOT","NBR","A","2001",211.0754,
"ESP","PATENT","TOT","NBR","A","2002",225.0318,
"ESP","PATENT","TOT","NBR","A","2003",207.6618,
"ESP","PATENT","TOT","NBR","A","2004",292.5799,
"ESP","PATENT","TOT","NBR","A","2005",291.5386,
"ESP","PATENT","TOT","NBR","A","2006",267.6357,
"ESP","PATENT","TOT","NBR","A","2007",257.4491,
"ESP","PATENT","TOT","NBR","A","2008",267.2951,
"ESP","PATENT","TOT","NBR","A","2009",254.0934,
"ESP","PATENT","TOT","NBR","A","2010",238.0682,
"ESP","PATENT","TOT","NBR","A","2011",220.2258,
"ESP","PATENT","TOT","NBR","A","2012",230.0183,
"ESP","PATENT","TOT","NBR","A","2013",227.5588,
"ESP","PATENT","TOT","NBR","A","2014",228.528,
"ESP","PATENT","TOT","NBR","A","2015",228.7093,
"SWE","PATENT","TOT","NBR","A","1985",432.1251,
"SWE","PATENT","TOT","NBR","A","1986",435.9607,
"SWE","PATENT","TOT","NBR","A","1987",395.3121,
"SWE","PATENT","TOT","NBR","A","1988",376.076,
"SWE","PATENT","TOT","NBR","A","1989",452.5147,
"SWE","PATENT","TOT","NBR","A","1990",442.3873,
"SWE","PATENT","TOT","NBR","A","1991",457.8256,
"SWE","PATENT","TOT","NBR","A","1992",572.7961,
"SWE","PATENT","TOT","NBR","A","1993",552.755,
"SWE","PATENT","TOT","NBR","A","1994",689.8587,
"SWE","PATENT","TOT","NBR","A","1995",764.3191,
"SWE","PATENT","TOT","NBR","A","1996",928.8386,
"SWE","PATENT","TOT","NBR","A","1997",996.2207,
"SWE","PATENT","TOT","NBR","A","1998",881.4193,
"SWE","PATENT","TOT","NBR","A","1999",925.4673,
"SWE","PATENT","TOT","NBR","A","2000",791.7047,
"SWE","PATENT","TOT","NBR","A","2001",753.9291,
"SWE","PATENT","TOT","NBR","A","2002",793.33,
"SWE","PATENT","TOT","NBR","A","2003",756.1592,
"SWE","PATENT","TOT","NBR","A","2004",804.476,
"SWE","PATENT","TOT","NBR","A","2005",968.7496,
"SWE","PATENT","TOT","NBR","A","2006",885.0918,
"SWE","PATENT","TOT","NBR","A","2007",960.8406,
"SWE","PATENT","TOT","NBR","A","2008",835.9186,
"SWE","PATENT","TOT","NBR","A","2009",791.2939,
"SWE","PATENT","TOT","NBR","A","2010",643.8356,
"SWE","PATENT","TOT","NBR","A","2011",614.4342,
"SWE","PATENT","TOT","NBR","A","2012",662.3815,
"SWE","PATENT","TOT","NBR","A","2013",632.2666,
"SWE","PATENT","TOT","NBR","A","2014",648.0062,
"SWE","PATENT","TOT","NBR","A","2015",658.134,
"CHE","PATENT","TOT","NBR","A","1985",749.0234,
"CHE","PATENT","TOT","NBR","A","1986",715.2604,
"CHE","PATENT","TOT","NBR","A","1987",837.0891,
"CHE","PATENT","TOT","NBR","A","1988",846.9514,
"CHE","PATENT","TOT","NBR","A","1989",817.258,
"CHE","PATENT","TOT","NBR","A","1990",787.0421,
"CHE","PATENT","TOT","NBR","A","1991",735.138,
"CHE","PATENT","TOT","NBR","A","1992",731.9325,
"CHE","PATENT","TOT","NBR","A","1993",715.1294,
"CHE","PATENT","TOT","NBR","A","1994",738.9385,
"CHE","PATENT","TOT","NBR","A","1995",771.8836,
"CHE","PATENT","TOT","NBR","A","1996",824.7944,
"CHE","PATENT","TOT","NBR","A","1997",842.9596,
"CHE","PATENT","TOT","NBR","A","1998",834.3924,
"CHE","PATENT","TOT","NBR","A","1999",809.0731,
"CHE","PATENT","TOT","NBR","A","2000",1003.6154,
"CHE","PATENT","TOT","NBR","A","2001",982.6562,
"CHE","PATENT","TOT","NBR","A","2002",989.826,
"CHE","PATENT","TOT","NBR","A","2003",1042.6831,
"CHE","PATENT","TOT","NBR","A","2004",1096.0714,
"CHE","PATENT","TOT","NBR","A","2005",1083.7435,
"CHE","PATENT","TOT","NBR","A","2006",1150.1678,
"CHE","PATENT","TOT","NBR","A","2007",1008.6338,
"CHE","PATENT","TOT","NBR","A","2008",992.678,
"CHE","PATENT","TOT","NBR","A","2009",972.29,
"CHE","PATENT","TOT","NBR","A","2010",1065.5075,
"CHE","PATENT","TOT","NBR","A","2011",1053.7662,
"CHE","PATENT","TOT","NBR","A","2012",1140.1614,
"CHE","PATENT","TOT","NBR","A","2013",1180.193,
"CHE","PATENT","TOT","NBR","A","2014",1191.5481,
"CHE","PATENT","TOT","NBR","A","2015",1206.869,
"TUR","PATENT","TOT","NBR","A","1985",1,
"TUR","PATENT","TOT","NBR","A","1986",1,
"TUR","PATENT","TOT","NBR","A","1987",0.1,
"TUR","PATENT","TOT","NBR","A","1988",1.6111,
"TUR","PATENT","TOT","NBR","A","1989",1.3333,
"TUR","PATENT","TOT","NBR","A","1990",0.8,
"TUR","PATENT","TOT","NBR","A","1991",0.5,
"TUR","PATENT","TOT","NBR","A","1992",0,
"TUR","PATENT","TOT","NBR","A","1993",2.45,
"TUR","PATENT","TOT","NBR","A","1994",1.6429,
"TUR","PATENT","TOT","NBR","A","1995",1.85,
"TUR","PATENT","TOT","NBR","A","1996",3.7202,
"TUR","PATENT","TOT","NBR","A","1997",4.7429,
"TUR","PATENT","TOT","NBR","A","1998",6.7039,
"TUR","PATENT","TOT","NBR","A","1999",3.3538,
"TUR","PATENT","TOT","NBR","A","2000",4.5761,
"TUR","PATENT","TOT","NBR","A","2001",12.1413,
"TUR","PATENT","TOT","NBR","A","2002",10.0944,
"TUR","PATENT","TOT","NBR","A","2003",10.5862,
"TUR","PATENT","TOT","NBR","A","2004",16.7903,
"TUR","PATENT","TOT","NBR","A","2005",15.5415,
"TUR","PATENT","TOT","NBR","A","2006",16.8498,
"TUR","PATENT","TOT","NBR","A","2007",9,
"TUR","PATENT","TOT","NBR","A","2008",27.4135,
"TUR","PATENT","TOT","NBR","A","2009",27.9402,
"TUR","PATENT","TOT","NBR","A","2010",33.0463,
"TUR","PATENT","TOT","NBR","A","2011",36.6853,
"TUR","PATENT","TOT","NBR","A","2012",30.9189,
"TUR","PATENT","TOT","NBR","A","2013",40.3666,
"TUR","PATENT","TOT","NBR","A","2014",45.9157,
"TUR","PATENT","TOT","NBR","A","2015",49.6833,
"GBR","PATENT","TOT","NBR","A","1985",1265.377,
"GBR","PATENT","TOT","NBR","A","1986",1402.1803,
"GBR","PATENT","TOT","NBR","A","1987",1465.8563,
"GBR","PATENT","TOT","NBR","A","1988",1611.3262,
"GBR","PATENT","TOT","NBR","A","1989",1596.8003,
"GBR","PATENT","TOT","NBR","A","1990",1459.9272,
"GBR","PATENT","TOT","NBR","A","1991",1406.3652,
"GBR","PATENT","TOT","NBR","A","1992",1408.745,
"GBR","PATENT","TOT","NBR","A","1993",1474.8898,
"GBR","PATENT","TOT","NBR","A","1994",1571.9483,
"GBR","PATENT","TOT","NBR","A","1995",1606.0146,
"GBR","PATENT","TOT","NBR","A","1996",1715.9677,
"GBR","PATENT","TOT","NBR","A","1997",1733.0922,
"GBR","PATENT","TOT","NBR","A","1998",1912.2631,
"GBR","PATENT","TOT","NBR","A","1999",1847.1472,
"GBR","PATENT","TOT","NBR","A","2000",2361.891,
"GBR","PATENT","TOT","NBR","A","2001",2293.0578,
"GBR","PATENT","TOT","NBR","A","2002",2224.094,
"GBR","PATENT","TOT","NBR","A","2003",2196.8168,
"GBR","PATENT","TOT","NBR","A","2004",2095.0619,
"GBR","PATENT","TOT","NBR","A","2005",2161.4944,
"GBR","PATENT","TOT","NBR","A","2006",2091.9246,
"GBR","PATENT","TOT","NBR","A","2007",1800.8752,
"GBR","PATENT","TOT","NBR","A","2008",1697.6808,
"GBR","PATENT","TOT","NBR","A","2009",1722.4384,
"GBR","PATENT","TOT","NBR","A","2010",1658.7343,
"GBR","PATENT","TOT","NBR","A","2011",1729.3094,
"GBR","PATENT","TOT","NBR","A","2012",1700.942,
"GBR","PATENT","TOT","NBR","A","2013",1777.4299,
"GBR","PATENT","TOT","NBR","A","2014",1793.473,
"GBR","PATENT","TOT","NBR","A","2015",1811.3239,
"USA","PATENT","TOT","NBR","A","1985",7828.9005,
"USA","PATENT","TOT","NBR","A","1986",8192.3797,
"USA","PATENT","TOT","NBR","A","1987",9260.1622,
"USA","PATENT","TOT","NBR","A","1988",10098.7203,
"USA","PATENT","TOT","NBR","A","1989",10946.3501,
"USA","PATENT","TOT","NBR","A","1990",11274.8944,
"USA","PATENT","TOT","NBR","A","1991",10722.8051,
"USA","PATENT","TOT","NBR","A","1992",10838.7307,
"USA","PATENT","TOT","NBR","A","1993",10897.4097,
"USA","PATENT","TOT","NBR","A","1994",11376.4911,
"USA","PATENT","TOT","NBR","A","1995",12416.6715,
"USA","PATENT","TOT","NBR","A","1996",13117.3139,
"USA","PATENT","TOT","NBR","A","1997",14185.3226,
"USA","PATENT","TOT","NBR","A","1998",14925.1443,
"USA","PATENT","TOT","NBR","A","1999",15290.1551,
"USA","PATENT","TOT","NBR","A","2000",15623.7896,
"USA","PATENT","TOT","NBR","A","2001",15900.4703,
"USA","PATENT","TOT","NBR","A","2002",16443.7667,
"USA","PATENT","TOT","NBR","A","2003",16739.1105,
"USA","PATENT","TOT","NBR","A","2004",17200.2515,
"USA","PATENT","TOT","NBR","A","2005",17374.9334,
"USA","PATENT","TOT","NBR","A","2006",15462.4652,
"USA","PATENT","TOT","NBR","A","2007",13886.9588,
"USA","PATENT","TOT","NBR","A","2008",13816.9877,
"USA","PATENT","TOT","NBR","A","2009",13502.8776,
"USA","PATENT","TOT","NBR","A","2010",12747.5317,
"USA","PATENT","TOT","NBR","A","2011",13196.0136,
"USA","PATENT","TOT","NBR","A","2012",13717.4767,
"USA","PATENT","TOT","NBR","A","2013",14601.4775,
"USA","PATENT","TOT","NBR","A","2014",14687.8097,
"USA","PATENT","TOT","NBR","A","2015",14886.2656,
"ARG","PATENT","TOT","NBR","A","1985",2.3333,
"ARG","PATENT","TOT","NBR","A","1986",2.6667,
"ARG","PATENT","TOT","NBR","A","1987",1,
"ARG","PATENT","TOT","NBR","A","1988",1.3971,
"ARG","PATENT","TOT","NBR","A","1989",4.75,
"ARG","PATENT","TOT","NBR","A","1990",6.1944,
"ARG","PATENT","TOT","NBR","A","1991",5,
"ARG","PATENT","TOT","NBR","A","1992",7,
"ARG","PATENT","TOT","NBR","A","1993",3.9333,
"ARG","PATENT","TOT","NBR","A","1994",3.8769,
"ARG","PATENT","TOT","NBR","A","1995",5.9,
"ARG","PATENT","TOT","NBR","A","1996",8.967,
"ARG","PATENT","TOT","NBR","A","1997",6,
"ARG","PATENT","TOT","NBR","A","1998",9.1248,
"ARG","PATENT","TOT","NBR","A","1999",8.3325,
"ARG","PATENT","TOT","NBR","A","2000",7.9272,
"ARG","PATENT","TOT","NBR","A","2001",7.8301,
"ARG","PATENT","TOT","NBR","A","2002",8.7249,
"ARG","PATENT","TOT","NBR","A","2003",8.2513,
"ARG","PATENT","TOT","NBR","A","2004",8.8767,
"ARG","PATENT","TOT","NBR","A","2005",15.9489,
"ARG","PATENT","TOT","NBR","A","2006",11.4595,
"ARG","PATENT","TOT","NBR","A","2007",15.9323,
"ARG","PATENT","TOT","NBR","A","2008",11.354,
"ARG","PATENT","TOT","NBR","A","2009",17.104,
"ARG","PATENT","TOT","NBR","A","2010",8.1833,
"ARG","PATENT","TOT","NBR","A","2011",9.5111,
"ARG","PATENT","TOT","NBR","A","2012",7.9167,
"ARG","PATENT","TOT","NBR","A","2013",6.2761,
"ARG","PATENT","TOT","NBR","A","2014",6.261,
"ARG","PATENT","TOT","NBR","A","2015",6.9257,
"CHL","PATENT","TOT","NBR","A","1985",0,
"CHL","PATENT","TOT","NBR","A","1986",0,
"CHL","PATENT","TOT","NBR","A","1987",0.5,
"CHL","PATENT","TOT","NBR","A","1988",0,
"CHL","PATENT","TOT","NBR","A","1989",1,
"CHL","PATENT","TOT","NBR","A","1990",1.8667,
"CHL","PATENT","TOT","NBR","A","1991",0.8144,
"CHL","PATENT","TOT","NBR","A","1992",0,
"CHL","PATENT","TOT","NBR","A","1993",0.2,
"CHL","PATENT","TOT","NBR","A","1994",1.8364,
"CHL","PATENT","TOT","NBR","A","1995",1.5,
"CHL","PATENT","TOT","NBR","A","1996",2.8333,
"CHL","PATENT","TOT","NBR","A","1997",0.2,
"CHL","PATENT","TOT","NBR","A","1998",2,
"CHL","PATENT","TOT","NBR","A","1999",2,
"CHL","PATENT","TOT","NBR","A","2000",2.3333,
"CHL","PATENT","TOT","NBR","A","2001",8.8143,
"CHL","PATENT","TOT","NBR","A","2002",4.6,
"CHL","PATENT","TOT","NBR","A","2003",3.4952,
"CHL","PATENT","TOT","NBR","A","2004",6.8167,
"CHL","PATENT","TOT","NBR","A","2005",5.5841,
"CHL","PATENT","TOT","NBR","A","2006",8.8409,
"CHL","PATENT","TOT","NBR","A","2007",7.026,
"CHL","PATENT","TOT","NBR","A","2008",8.9333,
"CHL","PATENT","TOT","NBR","A","2009",10.8542,
"CHL","PATENT","TOT","NBR","A","2010",14.45,
"CHL","PATENT","TOT","NBR","A","2011",15.5364,
"CHL","PATENT","TOT","NBR","A","2012",10.0262,
"CHL","PATENT","TOT","NBR","A","2013",12.2124,
"CHL","PATENT","TOT","NBR","A","2014",12.5178,
"CHL","PATENT","TOT","NBR","A","2015",12.6272,
"CHN","PATENT","TOT","NBR","A","1985",30.0543,
"CHN","PATENT","TOT","NBR","A","1986",6.2955,
"CHN","PATENT","TOT","NBR","A","1987",12.1083,
"CHN","PATENT","TOT","NBR","A","1988",11.5807,
"CHN","PATENT","TOT","NBR","A","1989",8.2459,
"CHN","PATENT","TOT","NBR","A","1990",12.266,
"CHN","PATENT","TOT","NBR","A","1991",12.5136,
"CHN","PATENT","TOT","NBR","A","1992",15.7022,
"CHN","PATENT","TOT","NBR","A","1993",17.8321,
"CHN","PATENT","TOT","NBR","A","1994",19.2325,
"CHN","PATENT","TOT","NBR","A","1995",22.1701,
"CHN","PATENT","TOT","NBR","A","1996",23.6936,
"CHN","PATENT","TOT","NBR","A","1997",42.7684,
"CHN","PATENT","TOT","NBR","A","1998",49.6936,
"CHN","PATENT","TOT","NBR","A","1999",64.492,
"CHN","PATENT","TOT","NBR","A","2000",87.0216,
"CHN","PATENT","TOT","NBR","A","2001",152.4604,
"CHN","PATENT","TOT","NBR","A","2002",271.9006,
"CHN","PATENT","TOT","NBR","A","2003",356.6012,
"CHN","PATENT","TOT","NBR","A","2004",401.8589,
"CHN","PATENT","TOT","NBR","A","2005",519.3264,
"CHN","PATENT","TOT","NBR","A","2006",561.7126,
"CHN","PATENT","TOT","NBR","A","2007",689.4949,
"CHN","PATENT","TOT","NBR","A","2008",826.7568,
"CHN","PATENT","TOT","NBR","A","2009",1298.8386,
"CHN","PATENT","TOT","NBR","A","2010",1425.0612,
"CHN","PATENT","TOT","NBR","A","2011",1501.517,
"CHN","PATENT","TOT","NBR","A","2012",1946.5862,
"CHN","PATENT","TOT","NBR","A","2013",2169.3033,
"CHN","PATENT","TOT","NBR","A","2014",2477.3361,
"CHN","PATENT","TOT","NBR","A","2015",2889.3295,
"EST","PATENT","TOT","NBR","A","1985",0,
"EST","PATENT","TOT","NBR","A","1986",0,
"EST","PATENT","TOT","NBR","A","1987",0,
"EST","PATENT","TOT","NBR","A","1988",0,
"EST","PATENT","TOT","NBR","A","1989",0,
"EST","PATENT","TOT","NBR","A","1990",0,
"EST","PATENT","TOT","NBR","A","1991",0,
"EST","PATENT","TOT","NBR","A","1992",1.5,
"EST","PATENT","TOT","NBR","A","1993",0.4444,
"EST","PATENT","TOT","NBR","A","1994",0,
"EST","PATENT","TOT","NBR","A","1995",0,
"EST","PATENT","TOT","NBR","A","1996",3.5,
"EST","PATENT","TOT","NBR","A","1997",2.3333,
"EST","PATENT","TOT","NBR","A","1998",2.2857,
"EST","PATENT","TOT","NBR","A","1999",1.7143,
"EST","PATENT","TOT","NBR","A","2000",1.2971,
"EST","PATENT","TOT","NBR","A","2001",3.1667,
"EST","PATENT","TOT","NBR","A","2002",0.9038,
"EST","PATENT","TOT","NBR","A","2003",5.8833,
"EST","PATENT","TOT","NBR","A","2004",0.4167,
"EST","PATENT","TOT","NBR","A","2005",3.0435,
"EST","PATENT","TOT","NBR","A","2006",7.1053,
"EST","PATENT","TOT","NBR","A","2007",4.2833,
"EST","PATENT","TOT","NBR","A","2008",3.1769,
"EST","PATENT","TOT","NBR","A","2009",2.75,
"EST","PATENT","TOT","NBR","A","2010",3.1333,
"EST","PATENT","TOT","NBR","A","2011",6.55,
"EST","PATENT","TOT","NBR","A","2012",4.0333,
"EST","PATENT","TOT","NBR","A","2013",8.8888,
"EST","PATENT","TOT","NBR","A","2014",9.6649,
"EST","PATENT","TOT","NBR","A","2015",9.7256,
"ISR","PATENT","TOT","NBR","A","1985",52.3463,
"ISR","PATENT","TOT","NBR","A","1986",69.7665,
"ISR","PATENT","TOT","NBR","A","1987",72.8055,
"ISR","PATENT","TOT","NBR","A","1988",70.0691,
"ISR","PATENT","TOT","NBR","A","1989",90.1999,
"ISR","PATENT","TOT","NBR","A","1990",84.3394,
"ISR","PATENT","TOT","NBR","A","1991",113.5962,
"ISR","PATENT","TOT","NBR","A","1992",116.8837,
"ISR","PATENT","TOT","NBR","A","1993",124.837,
"ISR","PATENT","TOT","NBR","A","1994",144.1955,
"ISR","PATENT","TOT","NBR","A","1995",165.4059,
"ISR","PATENT","TOT","NBR","A","1996",218.0915,
"ISR","PATENT","TOT","NBR","A","1997",300.0171,
"ISR","PATENT","TOT","NBR","A","1998",317.0943,
"ISR","PATENT","TOT","NBR","A","1999",300.6844,
"ISR","PATENT","TOT","NBR","A","2000",385.976,
"ISR","PATENT","TOT","NBR","A","2001",380.2974,
"ISR","PATENT","TOT","NBR","A","2002",322.9376,
"ISR","PATENT","TOT","NBR","A","2003",361.208,
"ISR","PATENT","TOT","NBR","A","2004",420.22,
"ISR","PATENT","TOT","NBR","A","2005",502.0925,
"ISR","PATENT","TOT","NBR","A","2006",419.5233,
"ISR","PATENT","TOT","NBR","A","2007",352.1122,
"ISR","PATENT","TOT","NBR","A","2008",368.996,
"ISR","PATENT","TOT","NBR","A","2009",375.4095,
"ISR","PATENT","TOT","NBR","A","2010",347.5954,
"ISR","PATENT","TOT","NBR","A","2011",365.5455,
"ISR","PATENT","TOT","NBR","A","2012",401.564,
"ISR","PATENT","TOT","NBR","A","2013",426.4082,
"ISR","PATENT","TOT","NBR","A","2014",443.4089,
"ISR","PATENT","TOT","NBR","A","2015",462.8922,
"ROU","PATENT","TOT","NBR","A","1985",0,
"ROU","PATENT","TOT","NBR","A","1986",0,
"ROU","PATENT","TOT","NBR","A","1987",0,
"ROU","PATENT","TOT","NBR","A","1988",0,
"ROU","PATENT","TOT","NBR","A","1989",0,
"ROU","PATENT","TOT","NBR","A","1990",0,
"ROU","PATENT","TOT","NBR","A","1991",1,
"ROU","PATENT","TOT","NBR","A","1992",0.3333,
"ROU","PATENT","TOT","NBR","A","1993",2,
"ROU","PATENT","TOT","NBR","A","1994",2,
"ROU","PATENT","TOT","NBR","A","1995",1.5286,
"ROU","PATENT","TOT","NBR","A","1996",1.6667,
"ROU","PATENT","TOT","NBR","A","1997",2.1284,
"ROU","PATENT","TOT","NBR","A","1998",0.3333,
"ROU","PATENT","TOT","NBR","A","1999",1.5833,
"ROU","PATENT","TOT","NBR","A","2000",0.2654,
"ROU","PATENT","TOT","NBR","A","2001",0.4318,
"ROU","PATENT","TOT","NBR","A","2002",0.9056,
"ROU","PATENT","TOT","NBR","A","2003",4.3964,
"ROU","PATENT","TOT","NBR","A","2004",3.2273,
"ROU","PATENT","TOT","NBR","A","2005",6.95,
"ROU","PATENT","TOT","NBR","A","2006",1.6077,
"ROU","PATENT","TOT","NBR","A","2007",4.4345,
"ROU","PATENT","TOT","NBR","A","2008",6.1996,
"ROU","PATENT","TOT","NBR","A","2009",7.75,
"ROU","PATENT","TOT","NBR","A","2010",5.9167,
"ROU","PATENT","TOT","NBR","A","2011",9.0417,
"ROU","PATENT","TOT","NBR","A","2012",13.7454,
"ROU","PATENT","TOT","NBR","A","2013",11.8545,
"ROU","PATENT","TOT","NBR","A","2014",13.1744,
"ROU","PATENT","TOT","NBR","A","2015",15.4006,
"RUS","PATENT","TOT","NBR","A","1985",21.5,
"RUS","PATENT","TOT","NBR","A","1986",55.0833,
"RUS","PATENT","TOT","NBR","A","1987",65.8024,
"RUS","PATENT","TOT","NBR","A","1988",80.7722,
"RUS","PATENT","TOT","NBR","A","1989",38.0895,
"RUS","PATENT","TOT","NBR","A","1990",20.972,
"RUS","PATENT","TOT","NBR","A","1991",39.4955,
"RUS","PATENT","TOT","NBR","A","1992",48.9245,
"RUS","PATENT","TOT","NBR","A","1993",33.6569,
"RUS","PATENT","TOT","NBR","A","1994",56.5283,
"RUS","PATENT","TOT","NBR","A","1995",62.5617,
"RUS","PATENT","TOT","NBR","A","1996",62.0131,
"RUS","PATENT","TOT","NBR","A","1997",71.4844,
"RUS","PATENT","TOT","NBR","A","1998",98.6067,
"RUS","PATENT","TOT","NBR","A","1999",68.3287,
"RUS","PATENT","TOT","NBR","A","2000",84.5759,
"RUS","PATENT","TOT","NBR","A","2001",81.8001,
"RUS","PATENT","TOT","NBR","A","2002",79.5461,
"RUS","PATENT","TOT","NBR","A","2003",78.9053,
"RUS","PATENT","TOT","NBR","A","2004",70.4444,
"RUS","PATENT","TOT","NBR","A","2005",90.6334,
"RUS","PATENT","TOT","NBR","A","2006",74.4946,
"RUS","PATENT","TOT","NBR","A","2007",77.2753,
"RUS","PATENT","TOT","NBR","A","2008",56.8994,
"RUS","PATENT","TOT","NBR","A","2009",87.404,
"RUS","PATENT","TOT","NBR","A","2010",87.6759,
"RUS","PATENT","TOT","NBR","A","2011",85.4062,
"RUS","PATENT","TOT","NBR","A","2012",90.8658,
"RUS","PATENT","TOT","NBR","A","2013",89.6916,
"RUS","PATENT","TOT","NBR","A","2014",88.6746,
"RUS","PATENT","TOT","NBR","A","2015",87.0082,
"SGP","PATENT","TOT","NBR","A","1985",1.5,
"SGP","PATENT","TOT","NBR","A","1986",1.586,
"SGP","PATENT","TOT","NBR","A","1987",2.5566,
"SGP","PATENT","TOT","NBR","A","1988",3.1444,
"SGP","PATENT","TOT","NBR","A","1989",7.9,
"SGP","PATENT","TOT","NBR","A","1990",3.5517,
"SGP","PATENT","TOT","NBR","A","1991",21.3024,
"SGP","PATENT","TOT","NBR","A","1992",17.2254,
"SGP","PATENT","TOT","NBR","A","1993",15.9283,
"SGP","PATENT","TOT","NBR","A","1994",22.6627,
"SGP","PATENT","TOT","NBR","A","1995",21.5311,
"SGP","PATENT","TOT","NBR","A","1996",34.8541,
"SGP","PATENT","TOT","NBR","A","1997",32.7925,
"SGP","PATENT","TOT","NBR","A","1998",49.9472,
"SGP","PATENT","TOT","NBR","A","1999",58.04,
"SGP","PATENT","TOT","NBR","A","2000",82.1663,
"SGP","PATENT","TOT","NBR","A","2001",117.9444,
"SGP","PATENT","TOT","NBR","A","2002",127.163,
"SGP","PATENT","TOT","NBR","A","2003",133.0523,
"SGP","PATENT","TOT","NBR","A","2004",179.5496,
"SGP","PATENT","TOT","NBR","A","2005",168.307,
"SGP","PATENT","TOT","NBR","A","2006",145.2497,
"SGP","PATENT","TOT","NBR","A","2007",110.6603,
"SGP","PATENT","TOT","NBR","A","2008",112.7436,
"SGP","PATENT","TOT","NBR","A","2009",101.9661,
"SGP","PATENT","TOT","NBR","A","2010",103.5388,
"SGP","PATENT","TOT","NBR","A","2011",120.3973,
"SGP","PATENT","TOT","NBR","A","2012",106.2382,
"SGP","PATENT","TOT","NBR","A","2013",116.0491,
"SGP","PATENT","TOT","NBR","A","2014",131.0646,
"SGP","PATENT","TOT","NBR","A","2015",143.6626,
"SVN","PATENT","TOT","NBR","A","1985",0,
"SVN","PATENT","TOT","NBR","A","1986",0,
"SVN","PATENT","TOT","NBR","A","1987",0,
"SVN","PATENT","TOT","NBR","A","1988",0,
"SVN","PATENT","TOT","NBR","A","1989",0,
"SVN","PATENT","TOT","NBR","A","1990",1,
"SVN","PATENT","TOT","NBR","A","1991",2.3333,
"SVN","PATENT","TOT","NBR","A","1992",6.25,
"SVN","PATENT","TOT","NBR","A","1993",6.0625,
"SVN","PATENT","TOT","NBR","A","1994",3.6667,
"SVN","PATENT","TOT","NBR","A","1995",7,
"SVN","PATENT","TOT","NBR","A","1996",5,
"SVN","PATENT","TOT","NBR","A","1997",5.1548,
"SVN","PATENT","TOT","NBR","A","1998",12.45,
"SVN","PATENT","TOT","NBR","A","1999",4.2714,
"SVN","PATENT","TOT","NBR","A","2000",9.1909,
"SVN","PATENT","TOT","NBR","A","2001",8.4032,
"SVN","PATENT","TOT","NBR","A","2002",17.2583,
"SVN","PATENT","TOT","NBR","A","2003",14.6167,
"SVN","PATENT","TOT","NBR","A","2004",13.6429,
"SVN","PATENT","TOT","NBR","A","2005",21.8667,
"SVN","PATENT","TOT","NBR","A","2006",7.7024,
"SVN","PATENT","TOT","NBR","A","2007",11.5,
"SVN","PATENT","TOT","NBR","A","2008",16.3732,
"SVN","PATENT","TOT","NBR","A","2009",16.9333,
"SVN","PATENT","TOT","NBR","A","2010",15.95,
"SVN","PATENT","TOT","NBR","A","2011",9.8333,
"SVN","PATENT","TOT","NBR","A","2012",9.75,
"SVN","PATENT","TOT","NBR","A","2013",13.4214,
"SVN","PATENT","TOT","NBR","A","2014",11.8976,
"SVN","PATENT","TOT","NBR","A","2015",10.2151,
"ZAF","PATENT","TOT","NBR","A","1985",21.1333,
"ZAF","PATENT","TOT","NBR","A","1986",30.6429,
"ZAF","PATENT","TOT","NBR","A","1987",14.6603,
"ZAF","PATENT","TOT","NBR","A","1988",22.9262,
"ZAF","PATENT","TOT","NBR","A","1989",21.0167,
"ZAF","PATENT","TOT","NBR","A","1990",13.2917,
"ZAF","PATENT","TOT","NBR","A","1991",19.4476,
"ZAF","PATENT","TOT","NBR","A","1992",34.1167,
"ZAF","PATENT","TOT","NBR","A","1993",32.0833,
"ZAF","PATENT","TOT","NBR","A","1994",20.3944,
"ZAF","PATENT","TOT","NBR","A","1995",24.4773,
"ZAF","PATENT","TOT","NBR","A","1996",30.6405,
"ZAF","PATENT","TOT","NBR","A","1997",34.233,
"ZAF","PATENT","TOT","NBR","A","1998",38.8093,
"ZAF","PATENT","TOT","NBR","A","1999",29.0691,
"ZAF","PATENT","TOT","NBR","A","2000",51.515,
"ZAF","PATENT","TOT","NBR","A","2001",28.2884,
"ZAF","PATENT","TOT","NBR","A","2002",38.8366,
"ZAF","PATENT","TOT","NBR","A","2003",42.0708,
"ZAF","PATENT","TOT","NBR","A","2004",36.6166,
"ZAF","PATENT","TOT","NBR","A","2005",49.0802,
"ZAF","PATENT","TOT","NBR","A","2006",38.3659,
"ZAF","PATENT","TOT","NBR","A","2007",38.4167,
"ZAF","PATENT","TOT","NBR","A","2008",52.0286,
"ZAF","PATENT","TOT","NBR","A","2009",35.1667,
"ZAF","PATENT","TOT","NBR","A","2010",30.5845,
"ZAF","PATENT","TOT","NBR","A","2011",43.8486,
"ZAF","PATENT","TOT","NBR","A","2012",32.7571,
"ZAF","PATENT","TOT","NBR","A","2013",32.2898,
"ZAF","PATENT","TOT","NBR","A","2014",28.9032,
"ZAF","PATENT","TOT","NBR","A","2015",25.4965,
"TWN","PATENT","TOT","NBR","A","1985",5,
"TWN","PATENT","TOT","NBR","A","1986",5.3269,
"TWN","PATENT","TOT","NBR","A","1987",4.2611,
"TWN","PATENT","TOT","NBR","A","1988",12.588,
"TWN","PATENT","TOT","NBR","A","1989",4.0289,
"TWN","PATENT","TOT","NBR","A","1990",8.2779,
"TWN","PATENT","TOT","NBR","A","1991",16.9345,
"TWN","PATENT","TOT","NBR","A","1992",16.1174,
"TWN","PATENT","TOT","NBR","A","1993",18.0781,
"TWN","PATENT","TOT","NBR","A","1994",21.6753,
"TWN","PATENT","TOT","NBR","A","1995",19.5462,
"TWN","PATENT","TOT","NBR","A","1996",37.5169,
"TWN","PATENT","TOT","NBR","A","1997",40.056,
"TWN","PATENT","TOT","NBR","A","1998",40.0938,
"TWN","PATENT","TOT","NBR","A","1999",50.6894,
"TWN","PATENT","TOT","NBR","A","2000",50.3724,
"TWN","PATENT","TOT","NBR","A","2001",73.6329,
"TWN","PATENT","TOT","NBR","A","2002",111.0338,
"TWN","PATENT","TOT","NBR","A","2003",99.7808,
"TWN","PATENT","TOT","NBR","A","2004",94.7505,
"TWN","PATENT","TOT","NBR","A","2005",144.82,
"TWN","PATENT","TOT","NBR","A","2006",148.9964,
"TWN","PATENT","TOT","NBR","A","2007",284.4634,
"TWN","PATENT","TOT","NBR","A","2008",313.9799,
"TWN","PATENT","TOT","NBR","A","2009",384.6253,
"TWN","PATENT","TOT","NBR","A","2010",456.0501,
"TWN","PATENT","TOT","NBR","A","2011",486.62,
"TWN","PATENT","TOT","NBR","A","2012",383.6496,
"TWN","PATENT","TOT","NBR","A","2013",384.3957,
"TWN","PATENT","TOT","NBR","A","2014",363.4803,
"TWN","PATENT","TOT","NBR","A","2015",352.6571,
"EU28","PATENT","TOT","NBR","A","1985",8482.3409,
"EU28","PATENT","TOT","NBR","A","1986",9048.7019,
"EU28","PATENT","TOT","NBR","A","1987",9891.0382,
"EU28","PATENT","TOT","NBR","A","1988",10359.9932,
"EU28","PATENT","TOT","NBR","A","1989",10669.0249,
"EU28","PATENT","TOT","NBR","A","1990",10010.8948,
"EU28","PATENT","TOT","NBR","A","1991",9807.9885,
"EU28","PATENT","TOT","NBR","A","1992",9855.256,
"EU28","PATENT","TOT","NBR","A","1993",10241.2061,
"EU28","PATENT","TOT","NBR","A","1994",11283.0724,
"EU28","PATENT","TOT","NBR","A","1995",12010.2744,
"EU28","PATENT","TOT","NBR","A","1996",13357.6474,
"EU28","PATENT","TOT","NBR","A","1997",14034.0764,
"EU28","PATENT","TOT","NBR","A","1998",14820.6704,
"EU28","PATENT","TOT","NBR","A","1999",15167.5913,
"EU28","PATENT","TOT","NBR","A","2000",17711.3411,
"EU28","PATENT","TOT","NBR","A","2001",17270.5285,
"EU28","PATENT","TOT","NBR","A","2002",17338.3273,
"EU28","PATENT","TOT","NBR","A","2003",17324.8385,
"EU28","PATENT","TOT","NBR","A","2004",18095.0141,
"EU28","PATENT","TOT","NBR","A","2005",18394.8448,
"EU28","PATENT","TOT","NBR","A","2006",16677.3258,
"EU28","PATENT","TOT","NBR","A","2007",15101.4756,
"EU28","PATENT","TOT","NBR","A","2008",14733.8318,
"EU28","PATENT","TOT","NBR","A","2009",14442.899,
"EU28","PATENT","TOT","NBR","A","2010",13209.6141,
"EU28","PATENT","TOT","NBR","A","2011",13292.6483,
"EU28","PATENT","TOT","NBR","A","2012",13091.8626,
"EU28","PATENT","TOT","NBR","A","2013",13328.79,
"EU28","PATENT","TOT","NBR","A","2014",13510.9158,
"EU28","PATENT","TOT","NBR","A","2015",13599.489,
"OECD","PATENT","TOT","NBR","A","1985",22523.396,
"OECD","PATENT","TOT","NBR","A","1986",24169.8144,
"OECD","PATENT","TOT","NBR","A","1987",27818.483,
"OECD","PATENT","TOT","NBR","A","1988",30093.1849,
"OECD","PATENT","TOT","NBR","A","1989",32725.1474,
"OECD","PATENT","TOT","NBR","A","1990",32369.0167,
"OECD","PATENT","TOT","NBR","A","1991",30620.1298,
"OECD","PATENT","TOT","NBR","A","1992",30172.5861,
"OECD","PATENT","TOT","NBR","A","1993",31074.651,
"OECD","PATENT","TOT","NBR","A","1994",32780.752,
"OECD","PATENT","TOT","NBR","A","1995",36063.4732,
"OECD","PATENT","TOT","NBR","A","1996",39418.3517,
"OECD","PATENT","TOT","NBR","A","1997",42230.5937,
"OECD","PATENT","TOT","NBR","A","1998",44419.1063,
"OECD","PATENT","TOT","NBR","A","1999",46938.0497,
"OECD","PATENT","TOT","NBR","A","2000",54906.6667,
"OECD","PATENT","TOT","NBR","A","2001",53608.1003,
"OECD","PATENT","TOT","NBR","A","2002",54880.9123,
"OECD","PATENT","TOT","NBR","A","2003",56919.5783,
"OECD","PATENT","TOT","NBR","A","2004",59572.1486,
"OECD","PATENT","TOT","NBR","A","2005",59251.0296,
"OECD","PATENT","TOT","NBR","A","2006",55334.0964,
"OECD","PATENT","TOT","NBR","A","2007",51326.6285,
"OECD","PATENT","TOT","NBR","A","2008",48970.6964,
"OECD","PATENT","TOT","NBR","A","2009",49184.0539,
"OECD","PATENT","TOT","NBR","A","2010",49366.3707,
"OECD","PATENT","TOT","NBR","A","2011",49941.5595,
"OECD","PATENT","TOT","NBR","A","2012",50575.8189,
"OECD","PATENT","TOT","NBR","A","2013",50902.998,
"OECD","PATENT","TOT","NBR","A","2014",51154.4625,
"OECD","PATENT","TOT","NBR","A","2015",51362.8405,
"BRA","PATENT","TOT","NBR","A","1985",9.4667,
"BRA","PATENT","TOT","NBR","A","1986",2.3333,
"BRA","PATENT","TOT","NBR","A","1987",5.8373,
"BRA","PATENT","TOT","NBR","A","1988",5.9297,
"BRA","PATENT","TOT","NBR","A","1989",5.4833,
"BRA","PATENT","TOT","NBR","A","1990",9.8333,
"BRA","PATENT","TOT","NBR","A","1991",6.7429,
"BRA","PATENT","TOT","NBR","A","1992",13.7936,
"BRA","PATENT","TOT","NBR","A","1993",19.5282,
"BRA","PATENT","TOT","NBR","A","1994",14.9437,
"BRA","PATENT","TOT","NBR","A","1995",16.6386,
"BRA","PATENT","TOT","NBR","A","1996",19.2737,
"BRA","PATENT","TOT","NBR","A","1997",30.8761,
"BRA","PATENT","TOT","NBR","A","1998",30.5384,
"BRA","PATENT","TOT","NBR","A","1999",29.7833,
"BRA","PATENT","TOT","NBR","A","2000",40.6665,
"BRA","PATENT","TOT","NBR","A","2001",64.5283,
"BRA","PATENT","TOT","NBR","A","2002",57.5805,
"BRA","PATENT","TOT","NBR","A","2003",56.6727,
"BRA","PATENT","TOT","NBR","A","2004",66.8849,
"BRA","PATENT","TOT","NBR","A","2005",75.2619,
"BRA","PATENT","TOT","NBR","A","2006",72.4207,
"BRA","PATENT","TOT","NBR","A","2007",69.3155,
"BRA","PATENT","TOT","NBR","A","2008",83.2911,
"BRA","PATENT","TOT","NBR","A","2009",78.674,
"BRA","PATENT","TOT","NBR","A","2010",67.5394,
"BRA","PATENT","TOT","NBR","A","2011",88.5571,
"BRA","PATENT","TOT","NBR","A","2012",70.2667,
"BRA","PATENT","TOT","NBR","A","2013",73.4884,
"BRA","PATENT","TOT","NBR","A","2014",70.1269,
"BRA","PATENT","TOT","NBR","A","2015",67.3314,
"BGR","PATENT","TOT","NBR","A","1985",9,
"BGR","PATENT","TOT","NBR","A","1986",4.25,
"BGR","PATENT","TOT","NBR","A","1987",7,
"BGR","PATENT","TOT","NBR","A","1988",4,
"BGR","PATENT","TOT","NBR","A","1989",2,
"BGR","PATENT","TOT","NBR","A","1990",0,
"BGR","PATENT","TOT","NBR","A","1991",0.8167,
"BGR","PATENT","TOT","NBR","A","1992",1.6667,
"BGR","PATENT","TOT","NBR","A","1993",3.6667,
"BGR","PATENT","TOT","NBR","A","1994",0.75,
"BGR","PATENT","TOT","NBR","A","1995",3.1667,
"BGR","PATENT","TOT","NBR","A","1996",1.3333,
"BGR","PATENT","TOT","NBR","A","1997",1.7,
"BGR","PATENT","TOT","NBR","A","1998",2.0779,
"BGR","PATENT","TOT","NBR","A","1999",2.125,
"BGR","PATENT","TOT","NBR","A","2000",1.6944,
"BGR","PATENT","TOT","NBR","A","2001",3.3636,
"BGR","PATENT","TOT","NBR","A","2002",2.6667,
"BGR","PATENT","TOT","NBR","A","2003",6.0808,
"BGR","PATENT","TOT","NBR","A","2004",5.1188,
"BGR","PATENT","TOT","NBR","A","2005",6.6211,
"BGR","PATENT","TOT","NBR","A","2006",3.2619,
"BGR","PATENT","TOT","NBR","A","2007",3.6953,
"BGR","PATENT","TOT","NBR","A","2008",1.1765,
"BGR","PATENT","TOT","NBR","A","2009",1.1667,
"BGR","PATENT","TOT","NBR","A","2010",1.5595,
"BGR","PATENT","TOT","NBR","A","2011",2.05,
"BGR","PATENT","TOT","NBR","A","2012",8.1333,
"BGR","PATENT","TOT","NBR","A","2013",8.4313,
"BGR","PATENT","TOT","NBR","A","2014",8.4333,
"BGR","PATENT","TOT","NBR","A","2015",8.1803,
"COL","PATENT","TOT","NBR","A","1985",0,
"COL","PATENT","TOT","NBR","A","1986",0,
"COL","PATENT","TOT","NBR","A","1987",1.25,
"COL","PATENT","TOT","NBR","A","1988",0.25,
"COL","PATENT","TOT","NBR","A","1989",0,
"COL","PATENT","TOT","NBR","A","1990",2.5,
"COL","PATENT","TOT","NBR","A","1991",1.2,
"COL","PATENT","TOT","NBR","A","1992",1.3333,
"COL","PATENT","TOT","NBR","A","1993",0,
"COL","PATENT","TOT","NBR","A","1994",2.4286,
"COL","PATENT","TOT","NBR","A","1995",1.4167,
"COL","PATENT","TOT","NBR","A","1996",1,
"COL","PATENT","TOT","NBR","A","1997",0.7565,
"COL","PATENT","TOT","NBR","A","1998",1.0154,
"COL","PATENT","TOT","NBR","A","1999",5,
"COL","PATENT","TOT","NBR","A","2000",1.5,
"COL","PATENT","TOT","NBR","A","2001",2.8512,
"COL","PATENT","TOT","NBR","A","2002",2.3333,
"COL","PATENT","TOT","NBR","A","2003",2.05,
"COL","PATENT","TOT","NBR","A","2004",0.7758,
"COL","PATENT","TOT","NBR","A","2005",2,
"COL","PATENT","TOT","NBR","A","2006",5.5,
"COL","PATENT","TOT","NBR","A","2007",3.75,
"COL","PATENT","TOT","NBR","A","2008",3.003,
"COL","PATENT","TOT","NBR","A","2009",2.75,
"COL","PATENT","TOT","NBR","A","2010",3.2,
"COL","PATENT","TOT","NBR","A","2011",7.8667,
"COL","PATENT","TOT","NBR","A","2012",6.4472,
"COL","PATENT","TOT","NBR","A","2013",7.733,
"COL","PATENT","TOT","NBR","A","2014",7.7958,
"COL","PATENT","TOT","NBR","A","2015",9.0183,
"HRV","PATENT","TOT","NBR","A","1985",0,
"HRV","PATENT","TOT","NBR","A","1986",0,
"HRV","PATENT","TOT","NBR","A","1987",0,
"HRV","PATENT","TOT","NBR","A","1988",0,
"HRV","PATENT","TOT","NBR","A","1989",0,
"HRV","PATENT","TOT","NBR","A","1990",1,
"HRV","PATENT","TOT","NBR","A","1991",0,
"HRV","PATENT","TOT","NBR","A","1992",4.5,
"HRV","PATENT","TOT","NBR","A","1993",5,
"HRV","PATENT","TOT","NBR","A","1994",3.3333,
"HRV","PATENT","TOT","NBR","A","1995",6,
"HRV","PATENT","TOT","NBR","A","1996",6.2857,
"HRV","PATENT","TOT","NBR","A","1997",8.4222,
"HRV","PATENT","TOT","NBR","A","1998",8.4545,
"HRV","PATENT","TOT","NBR","A","1999",3,
"HRV","PATENT","TOT","NBR","A","2000",5.7526,
"HRV","PATENT","TOT","NBR","A","2001",6.3409,
"HRV","PATENT","TOT","NBR","A","2002",22.6667,
"HRV","PATENT","TOT","NBR","A","2003",21.0333,
"HRV","PATENT","TOT","NBR","A","2004",13.2577,
"HRV","PATENT","TOT","NBR","A","2005",12.7143,
"HRV","PATENT","TOT","NBR","A","2006",8.5725,
"HRV","PATENT","TOT","NBR","A","2007",8.2024,
"HRV","PATENT","TOT","NBR","A","2008",4.25,
"HRV","PATENT","TOT","NBR","A","2009",4.6429,
"HRV","PATENT","TOT","NBR","A","2010",6.4292,
"HRV","PATENT","TOT","NBR","A","2011",4.0179,
"HRV","PATENT","TOT","NBR","A","2012",4.1214,
"HRV","PATENT","TOT","NBR","A","2013",4.3727,
"HRV","PATENT","TOT","NBR","A","2014",4.3742,
"HRV","PATENT","TOT","NBR","A","2015",4.1031,
"CYP","PATENT","TOT","NBR","A","1985",0,
"CYP","PATENT","TOT","NBR","A","1986",1,
"CYP","PATENT","TOT","NBR","A","1987",0,
"CYP","PATENT","TOT","NBR","A","1988",0,
"CYP","PATENT","TOT","NBR","A","1989",0,
"CYP","PATENT","TOT","NBR","A","1990",0,
"CYP","PATENT","TOT","NBR","A","1991",2,
"CYP","PATENT","TOT","NBR","A","1992",0.1,
"CYP","PATENT","TOT","NBR","A","1993",0.375,
"CYP","PATENT","TOT","NBR","A","1994",1,
"CYP","PATENT","TOT","NBR","A","1995",0.2217,
"CYP","PATENT","TOT","NBR","A","1996",0.3333,
"CYP","PATENT","TOT","NBR","A","1997",0.325,
"CYP","PATENT","TOT","NBR","A","1998",0.125,
"CYP","PATENT","TOT","NBR","A","1999",2.75,
"CYP","PATENT","TOT","NBR","A","2000",0.2,
"CYP","PATENT","TOT","NBR","A","2001",0.25,
"CYP","PATENT","TOT","NBR","A","2002",1.1556,
"CYP","PATENT","TOT","NBR","A","2003",2.4167,
"CYP","PATENT","TOT","NBR","A","2004",2,
"CYP","PATENT","TOT","NBR","A","2005",4.0333,
"CYP","PATENT","TOT","NBR","A","2006",0.5333,
"CYP","PATENT","TOT","NBR","A","2007",3.4103,
"CYP","PATENT","TOT","NBR","A","2008",1.6667,
"CYP","PATENT","TOT","NBR","A","2009",2.6667,
"CYP","PATENT","TOT","NBR","A","2010",1,
"CYP","PATENT","TOT","NBR","A","2011",2.375,
"CYP","PATENT","TOT","NBR","A","2012",1,
"CYP","PATENT","TOT","NBR","A","2013",1.4723,
"CYP","PATENT","TOT","NBR","A","2014",1.7083,
"CYP","PATENT","TOT","NBR","A","2015",1.732,
"HKG","PATENT","TOT","NBR","A","1985",8.8864,
"HKG","PATENT","TOT","NBR","A","1986",9.7278,
"HKG","PATENT","TOT","NBR","A","1987",9.9076,
"HKG","PATENT","TOT","NBR","A","1988",10.2833,
"HKG","PATENT","TOT","NBR","A","1989",11.2,
"HKG","PATENT","TOT","NBR","A","1990",10.2288,
"HKG","PATENT","TOT","NBR","A","1991",14.2,
"HKG","PATENT","TOT","NBR","A","1992",11.789,
"HKG","PATENT","TOT","NBR","A","1993",16.3103,
"HKG","PATENT","TOT","NBR","A","1994",14.4803,
"HKG","PATENT","TOT","NBR","A","1995",18.6678,
"HKG","PATENT","TOT","NBR","A","1996",17.9405,
"HKG","PATENT","TOT","NBR","A","1997",10.3094,
"HKG","PATENT","TOT","NBR","A","1998",21.6734,
"HKG","PATENT","TOT","NBR","A","1999",23.0731,
"HKG","PATENT","TOT","NBR","A","2000",38.3406,
"HKG","PATENT","TOT","NBR","A","2001",31.1277,
"HKG","PATENT","TOT","NBR","A","2002",42.6228,
"HKG","PATENT","TOT","NBR","A","2003",35.2321,
"HKG","PATENT","TOT","NBR","A","2004",31.4253,
"HKG","PATENT","TOT","NBR","A","2005",29.0466,
"HKG","PATENT","TOT","NBR","A","2006",32.0043,
"HKG","PATENT","TOT","NBR","A","2007",21.9811,
"HKG","PATENT","TOT","NBR","A","2008",17.0274,
"HKG","PATENT","TOT","NBR","A","2009",32.4751,
"HKG","PATENT","TOT","NBR","A","2010",27.3918,
"HKG","PATENT","TOT","NBR","A","2011",27.5448,
"HKG","PATENT","TOT","NBR","A","2012",23.1565,
"HKG","PATENT","TOT","NBR","A","2013",29.6058,
"HKG","PATENT","TOT","NBR","A","2014",30.106,
"HKG","PATENT","TOT","NBR","A","2015",29.7625,
"IND","PATENT","TOT","NBR","A","1985",4.8333,
"IND","PATENT","TOT","NBR","A","1986",5.3199,
"IND","PATENT","TOT","NBR","A","1987",5.1387,
"IND","PATENT","TOT","NBR","A","1988",9.6464,
"IND","PATENT","TOT","NBR","A","1989",7.2891,
"IND","PATENT","TOT","NBR","A","1990",11.0476,
"IND","PATENT","TOT","NBR","A","1991",7.0424,
"IND","PATENT","TOT","NBR","A","1992",7.5013,
"IND","PATENT","TOT","NBR","A","1993",7.7455,
"IND","PATENT","TOT","NBR","A","1994",6.3496,
"IND","PATENT","TOT","NBR","A","1995",10.6528,
"IND","PATENT","TOT","NBR","A","1996",15.7987,
"IND","PATENT","TOT","NBR","A","1997",22.8522,
"IND","PATENT","TOT","NBR","A","1998",34.4997,
"IND","PATENT","TOT","NBR","A","1999",44.8207,
"IND","PATENT","TOT","NBR","A","2000",67.1531,
"IND","PATENT","TOT","NBR","A","2001",107.6218,
"IND","PATENT","TOT","NBR","A","2002",172.8042,
"IND","PATENT","TOT","NBR","A","2003",167.7308,
"IND","PATENT","TOT","NBR","A","2004",174.8501,
"IND","PATENT","TOT","NBR","A","2005",203.2138,
"IND","PATENT","TOT","NBR","A","2006",212.0787,
"IND","PATENT","TOT","NBR","A","2007",195.0965,
"IND","PATENT","TOT","NBR","A","2008",287.2235,
"IND","PATENT","TOT","NBR","A","2009",307.6103,
"IND","PATENT","TOT","NBR","A","2010",373.4017,
"IND","PATENT","TOT","NBR","A","2011",362.2285,
"IND","PATENT","TOT","NBR","A","2012",411.6931,
"IND","PATENT","TOT","NBR","A","2013",414.7979,
"IND","PATENT","TOT","NBR","A","2014",430.9402,
"IND","PATENT","TOT","NBR","A","2015",453.8027,
"IDN","PATENT","TOT","NBR","A","1985",0,
"IDN","PATENT","TOT","NBR","A","1986",1,
"IDN","PATENT","TOT","NBR","A","1987",0,
"IDN","PATENT","TOT","NBR","A","1988",0,
"IDN","PATENT","TOT","NBR","A","1989",0.3357,
"IDN","PATENT","TOT","NBR","A","1990",1,
"IDN","PATENT","TOT","NBR","A","1991",0,
"IDN","PATENT","TOT","NBR","A","1992",0.4167,
"IDN","PATENT","TOT","NBR","A","1993",1.5333,
"IDN","PATENT","TOT","NBR","A","1994",0,
"IDN","PATENT","TOT","NBR","A","1995",0.25,
"IDN","PATENT","TOT","NBR","A","1996",0.6667,
"IDN","PATENT","TOT","NBR","A","1997",2.275,
"IDN","PATENT","TOT","NBR","A","1998",2.9905,
"IDN","PATENT","TOT","NBR","A","1999",1,
"IDN","PATENT","TOT","NBR","A","2000",5.75,
"IDN","PATENT","TOT","NBR","A","2001",1.9167,
"IDN","PATENT","TOT","NBR","A","2002",5.8675,
"IDN","PATENT","TOT","NBR","A","2003",2.5667,
"IDN","PATENT","TOT","NBR","A","2004",2.2205,
"IDN","PATENT","TOT","NBR","A","2005",0.8903,
"IDN","PATENT","TOT","NBR","A","2006",4.7259,
"IDN","PATENT","TOT","NBR","A","2007",0.9098,
"IDN","PATENT","TOT","NBR","A","2008",1.072,
"IDN","PATENT","TOT","NBR","A","2009",0.7935,
"IDN","PATENT","TOT","NBR","A","2010",3.4576,
"IDN","PATENT","TOT","NBR","A","2011",4.3333,
"IDN","PATENT","TOT","NBR","A","2012",4.506,
"IDN","PATENT","TOT","NBR","A","2013",4.6944,
"IDN","PATENT","TOT","NBR","A","2014",3.8959,
"IDN","PATENT","TOT","NBR","A","2015",4.4547,
"LVA","PATENT","TOT","NBR","A","1985",0,
"LVA","PATENT","TOT","NBR","A","1986",0,
"LVA","PATENT","TOT","NBR","A","1987",0,
"LVA","PATENT","TOT","NBR","A","1988",0,
"LVA","PATENT","TOT","NBR","A","1989",0,
"LVA","PATENT","TOT","NBR","A","1990",0,
"LVA","PATENT","TOT","NBR","A","1991",0,
"LVA","PATENT","TOT","NBR","A","1992",0.6429,
"LVA","PATENT","TOT","NBR","A","1993",0,
"LVA","PATENT","TOT","NBR","A","1994",0,
"LVA","PATENT","TOT","NBR","A","1995",1.9,
"LVA","PATENT","TOT","NBR","A","1996",0.75,
"LVA","PATENT","TOT","NBR","A","1997",1.5,
"LVA","PATENT","TOT","NBR","A","1998",0,
"LVA","PATENT","TOT","NBR","A","1999",1.3333,
"LVA","PATENT","TOT","NBR","A","2000",4.8993,
"LVA","PATENT","TOT","NBR","A","2001",2.2952,
"LVA","PATENT","TOT","NBR","A","2002",2.7,
"LVA","PATENT","TOT","NBR","A","2003",3.8313,
"LVA","PATENT","TOT","NBR","A","2004",3.5858,
"LVA","PATENT","TOT","NBR","A","2005",10.0238,
"LVA","PATENT","TOT","NBR","A","2006",5.6346,
"LVA","PATENT","TOT","NBR","A","2007",5.5,
"LVA","PATENT","TOT","NBR","A","2008",2.375,
"LVA","PATENT","TOT","NBR","A","2009",8.4524,
"LVA","PATENT","TOT","NBR","A","2010",0.6667,
"LVA","PATENT","TOT","NBR","A","2011",3,
"LVA","PATENT","TOT","NBR","A","2012",2.3,
"LVA","PATENT","TOT","NBR","A","2013",3.6633,
"LVA","PATENT","TOT","NBR","A","2014",2.6344,
"LVA","PATENT","TOT","NBR","A","2015",2.4638,
"LTU","PATENT","TOT","NBR","A","1985",0,
"LTU","PATENT","TOT","NBR","A","1986",0,
"LTU","PATENT","TOT","NBR","A","1987",0,
"LTU","PATENT","TOT","NBR","A","1988",0,
"LTU","PATENT","TOT","NBR","A","1989",0,
"LTU","PATENT","TOT","NBR","A","1990",0,
"LTU","PATENT","TOT","NBR","A","1991",0,
"LTU","PATENT","TOT","NBR","A","1992",0,
"LTU","PATENT","TOT","NBR","A","1993",0,
"LTU","PATENT","TOT","NBR","A","1994",0,
"LTU","PATENT","TOT","NBR","A","1995",0,
"LTU","PATENT","TOT","NBR","A","1996",0.5,
"LTU","PATENT","TOT","NBR","A","1997",0,
"LTU","PATENT","TOT","NBR","A","1998",0.6667,
"LTU","PATENT","TOT","NBR","A","1999",1.5,
"LTU","PATENT","TOT","NBR","A","2000",1.3601,
"LTU","PATENT","TOT","NBR","A","2001",1.1083,
"LTU","PATENT","TOT","NBR","A","2002",3.0298,
"LTU","PATENT","TOT","NBR","A","2003",13.6012,
"LTU","PATENT","TOT","NBR","A","2004",8.1925,
"LTU","PATENT","TOT","NBR","A","2005",1,
"LTU","PATENT","TOT","NBR","A","2006",0,
"LTU","PATENT","TOT","NBR","A","2007",0.0074,
"LTU","PATENT","TOT","NBR","A","2008",2.7,
"LTU","PATENT","TOT","NBR","A","2009",0.2,
"LTU","PATENT","TOT","NBR","A","2010",1,
"LTU","PATENT","TOT","NBR","A","2011",0.4,
"LTU","PATENT","TOT","NBR","A","2012",6.3375,
"LTU","PATENT","TOT","NBR","A","2013",4.3,
"LTU","PATENT","TOT","NBR","A","2014",4.8451,
"LTU","PATENT","TOT","NBR","A","2015",5.2469,
"MYS","PATENT","TOT","NBR","A","1985",0.375,
"MYS","PATENT","TOT","NBR","A","1986",0,
"MYS","PATENT","TOT","NBR","A","1987",1,
"MYS","PATENT","TOT","NBR","A","1988",1.5882,
"MYS","PATENT","TOT","NBR","A","1989",2.5833,
"MYS","PATENT","TOT","NBR","A","1990",1.6667,
"MYS","PATENT","TOT","NBR","A","1991",2.5035,
"MYS","PATENT","TOT","NBR","A","1992",6.1548,
"MYS","PATENT","TOT","NBR","A","1993",3.3595,
"MYS","PATENT","TOT","NBR","A","1994",1.1667,
"MYS","PATENT","TOT","NBR","A","1995",4.3511,
"MYS","PATENT","TOT","NBR","A","1996",5.2958,
"MYS","PATENT","TOT","NBR","A","1997",3.2555,
"MYS","PATENT","TOT","NBR","A","1998",3.6333,
"MYS","PATENT","TOT","NBR","A","1999",4.5253,
"MYS","PATENT","TOT","NBR","A","2000",17.5777,
"MYS","PATENT","TOT","NBR","A","2001",13.8569,
"MYS","PATENT","TOT","NBR","A","2002",19.2657,
"MYS","PATENT","TOT","NBR","A","2003",20.9917,
"MYS","PATENT","TOT","NBR","A","2004",13.9329,
"MYS","PATENT","TOT","NBR","A","2005",29.3792,
"MYS","PATENT","TOT","NBR","A","2006",17.1043,
"MYS","PATENT","TOT","NBR","A","2007",26.2087,
"MYS","PATENT","TOT","NBR","A","2008",22.1492,
"MYS","PATENT","TOT","NBR","A","2009",28.3242,
"MYS","PATENT","TOT","NBR","A","2010",34.1817,
"MYS","PATENT","TOT","NBR","A","2011",13.6944,
"MYS","PATENT","TOT","NBR","A","2012",21.3207,
"MYS","PATENT","TOT","NBR","A","2013",23.7757,
"MYS","PATENT","TOT","NBR","A","2014",22.8511,
"MYS","PATENT","TOT","NBR","A","2015",21.963,
"MLT","PATENT","TOT","NBR","A","1985",0,
"MLT","PATENT","TOT","NBR","A","1986",0,
"MLT","PATENT","TOT","NBR","A","1987",0,
"MLT","PATENT","TOT","NBR","A","1988",0,
"MLT","PATENT","TOT","NBR","A","1989",1,
"MLT","PATENT","TOT","NBR","A","1990",0,
"MLT","PATENT","TOT","NBR","A","1991",1,
"MLT","PATENT","TOT","NBR","A","1992",2,
"MLT","PATENT","TOT","NBR","A","1993",0.5,
"MLT","PATENT","TOT","NBR","A","1994",0,
"MLT","PATENT","TOT","NBR","A","1995",0,
"MLT","PATENT","TOT","NBR","A","1996",2,
"MLT","PATENT","TOT","NBR","A","1997",0,
"MLT","PATENT","TOT","NBR","A","1998",0.3333,
"MLT","PATENT","TOT","NBR","A","1999",0,
"MLT","PATENT","TOT","NBR","A","2000",2.0667,
"MLT","PATENT","TOT","NBR","A","2001",2,
"MLT","PATENT","TOT","NBR","A","2002",1,
"MLT","PATENT","TOT","NBR","A","2003",0,
"MLT","PATENT","TOT","NBR","A","2004",2.75,
"MLT","PATENT","TOT","NBR","A","2005",1.25,
"MLT","PATENT","TOT","NBR","A","2006",0.45,
"MLT","PATENT","TOT","NBR","A","2007",1,
"MLT","PATENT","TOT","NBR","A","2008",1,
"MLT","PATENT","TOT","NBR","A","2009",0,
"MLT","PATENT","TOT","NBR","A","2010",0,
"MLT","PATENT","TOT","NBR","A","2011",0,
"MLT","PATENT","TOT","NBR","A","2012",0.0154,
"MLT","PATENT","TOT","NBR","A","2013",1,
"MLT","PATENT","TOT","NBR","A","2014",1.2182,
"MLT","PATENT","TOT","NBR","A","2015",1.4934,
"SAU","PATENT","TOT","NBR","A","1985",0.0455,
"SAU","PATENT","TOT","NBR","A","1986",0.6667,
"SAU","PATENT","TOT","NBR","A","1987",1,
"SAU","PATENT","TOT","NBR","A","1988",2.4767,
"SAU","PATENT","TOT","NBR","A","1989",0,
"SAU","PATENT","TOT","NBR","A","1990",0,
"SAU","PATENT","TOT","NBR","A","1991",0,
"SAU","PATENT","TOT","NBR","A","1992",0.5,
"SAU","PATENT","TOT","NBR","A","1993",2,
"SAU","PATENT","TOT","NBR","A","1994",0.3333,
"SAU","PATENT","TOT","NBR","A","1995",1.5333,
"SAU","PATENT","TOT","NBR","A","1996",0.25,
"SAU","PATENT","TOT","NBR","A","1997",1.8311,
"SAU","PATENT","TOT","NBR","A","1998",4.3526,
"SAU","PATENT","TOT","NBR","A","1999",4.6005,
"SAU","PATENT","TOT","NBR","A","2000",6.1333,
"SAU","PATENT","TOT","NBR","A","2001",7.125,
"SAU","PATENT","TOT","NBR","A","2002",5.0625,
"SAU","PATENT","TOT","NBR","A","2003",4.9286,
"SAU","PATENT","TOT","NBR","A","2004",9.1786,
"SAU","PATENT","TOT","NBR","A","2005",14.65,
"SAU","PATENT","TOT","NBR","A","2006",14.5979,
"SAU","PATENT","TOT","NBR","A","2007",12.0064,
"SAU","PATENT","TOT","NBR","A","2008",4.2781,
"SAU","PATENT","TOT","NBR","A","2009",14.5718,
"SAU","PATENT","TOT","NBR","A","2010",20.7556,
"SAU","PATENT","TOT","NBR","A","2011",76.9005,
"SAU","PATENT","TOT","NBR","A","2012",45.3944,
"SAU","PATENT","TOT","NBR","A","2013",39.5621,
"SAU","PATENT","TOT","NBR","A","2014",39.6504,
"SAU","PATENT","TOT","NBR","A","2015",38.5381,
"WLD","PATENT","TOT","NBR","A","1985",22722,
"WLD","PATENT","TOT","NBR","A","1986",24392,
"WLD","PATENT","TOT","NBR","A","1987",28056,
"WLD","PATENT","TOT","NBR","A","1988",30367,
"WLD","PATENT","TOT","NBR","A","1989",32947,
"WLD","PATENT","TOT","NBR","A","1990",32552,
"WLD","PATENT","TOT","NBR","A","1991",30864,
"WLD","PATENT","TOT","NBR","A","1992",30431,
"WLD","PATENT","TOT","NBR","A","1993",31326,
"WLD","PATENT","TOT","NBR","A","1994",33048,
"WLD","PATENT","TOT","NBR","A","1995",36347,
"WLD","PATENT","TOT","NBR","A","1996",39774,
"WLD","PATENT","TOT","NBR","A","1997",42634,
"WLD","PATENT","TOT","NBR","A","1998",44920,
"WLD","PATENT","TOT","NBR","A","1999",47448,
"WLD","PATENT","TOT","NBR","A","2000",55629,
"WLD","PATENT","TOT","NBR","A","2001",54528,
"WLD","PATENT","TOT","NBR","A","2002",55985,
"WLD","PATENT","TOT","NBR","A","2003",58118,
"WLD","PATENT","TOT","NBR","A","2004",60816,
"WLD","PATENT","TOT","NBR","A","2005",60754,
"WLD","PATENT","TOT","NBR","A","2006",56806,
"WLD","PATENT","TOT","NBR","A","2007",52984,
"WLD","PATENT","TOT","NBR","A","2008",50872,
"WLD","PATENT","TOT","NBR","A","2009",51693,
"WLD","PATENT","TOT","NBR","A","2010",52146,
"WLD","PATENT","TOT","NBR","A","2011",52919,
"WLD","PATENT","TOT","NBR","A","2012",53896,
"WLD","PATENT","TOT","NBR","A","2013",54477.791,
"WLD","PATENT","TOT","NBR","A","2014",55041.5612,
"WLD","PATENT","TOT","NBR","A","2015",55684.8945,
"CRI","PATENT","TOT","NBR","A","1985",0,
"CRI","PATENT","TOT","NBR","A","1986",0,
"CRI","PATENT","TOT","NBR","A","1987",0,
"CRI","PATENT","TOT","NBR","A","1988",0.5,
"CRI","PATENT","TOT","NBR","A","1989",0,
"CRI","PATENT","TOT","NBR","A","1990",0,
"CRI","PATENT","TOT","NBR","A","1991",0,
"CRI","PATENT","TOT","NBR","A","1992",0,
"CRI","PATENT","TOT","NBR","A","1993",0,
"CRI","PATENT","TOT","NBR","A","1994",0,
"CRI","PATENT","TOT","NBR","A","1995",0,
"CRI","PATENT","TOT","NBR","A","1996",1.1538,
"CRI","PATENT","TOT","NBR","A","1997",0,
"CRI","PATENT","TOT","NBR","A","1998",0.0714,
"CRI","PATENT","TOT","NBR","A","1999",0,
"CRI","PATENT","TOT","NBR","A","2000",2,
"CRI","PATENT","TOT","NBR","A","2001",0,
"CRI","PATENT","TOT","NBR","A","2002",0,
"CRI","PATENT","TOT","NBR","A","2003",0.25,
"CRI","PATENT","TOT","NBR","A","2004",0.1053,
"CRI","PATENT","TOT","NBR","A","2005",0,
"CRI","PATENT","TOT","NBR","A","2006",0.2965,
"CRI","PATENT","TOT","NBR","A","2007",0.3095,
"CRI","PATENT","TOT","NBR","A","2008",0.4167,
"CRI","PATENT","TOT","NBR","A","2009",1.3,
"CRI","PATENT","TOT","NBR","A","2010",0.6667,
"CRI","PATENT","TOT","NBR","A","2011",0.65,
"CRI","PATENT","TOT","NBR","A","2012",1.9333,
"CRI","PATENT","TOT","NBR","A","2013",1,
"CRI","PATENT","TOT","NBR","A","2014",0,
"CRI","PATENT","TOT","NBR","A","2015",0,
